gene_1,gene_2,gene_3,gene_4,gene_5,gene_6,gene_7,gene_8,gene_9,gene_10,gene_11,gene_12,gene_13,gene_14,gene_15,gene_16,gene_17,gene_18,gene_19,gene_20,gene_21,gene_22,gene_23,gene_24,gene_25,gene_26,gene_27,gene_28,gene_29,gene_30,gene_31,gene_32,gene_33,gene_34,gene_35,gene_36,gene_37,gene_38,gene_39,gene_40,gene_41,gene_42,gene_43,gene_44,gene_45,gene_46,gene_47,gene_48,gene_49,gene_50,tissue
9.8995310216721,12.030866144900815,11.947721667489645,13.73690024653151,9.166346312363256,10.751705639454464,6.978074220510744,10.014393150073143,11.78515950080492,9.141630666138882,11.15966362443141,10.68096699668585,11.044443653223967,10.14441417279331,9.936365179563545,10.7650489964573,11.444157803129485,9.464046996113845,11.28492920477331,10.9306956315448,13.268678531005087,10.790508903391137,9.949754297739982,14.825542542718413,6.946560768539816,13.238847223123674,12.558385269030008,8.797804487300333,13.260456387794074,11.746237829458837,10.22705409887089,8.682459516149835,12.132225653562081,9.59109309924682,8.244121392355035,10.293766695985864,10.077068563651633,11.133314557017249,10.647428676148483,13.401785543899056,12.396797882663444,10.656742329547162,9.185626839705211,13.377251452861223,12.57106424899649,16.312020182544085,11.52697208046042,14.283542232028152,11.921632600297276,11.17184694326163,Brain
7.9800854355667825,12.443004924717291,9.31316015328143,9.973349189205667,10.912926395053004,10.449398179507215,7.873866410826974,9.408738015725973,12.861168801542204,12.355534819346683,12.396880518421924,11.34720412732961,12.324569027238125,11.482244325174259,10.66358982380183,13.329537291009048,10.50850462514592,9.460664452667784,13.424344684266252,13.466993609086114,7.851689426111891,12.27590588644978,6.91115395636017,13.138961772393861,9.1324743181759,12.568416375307876,9.770248481165378,11.66578488097786,8.238565951455495,10.438387416946494,10.880365472676662,12.92234753283671,14.588561686017172,12.161379083460051,11.595300897016694,8.943768458824923,8.162807073968883,11.380673969930335,11.271507658952972,12.216179324001923,12.409962622665441,11.72184675518227,8.066064229640947,12.785258943012325,10.78948573199764,9.08930711056459,10.170470731189067,8.202518236788285,10.311838917377363,12.501571771178842,Brain
10.344749633443994,9.276803891503342,10.483630402927322,11.921911230840587,8.301220053533982,8.961854429263859,11.254024478743597,8.501112554400146,14.890231228973573,10.69332708496772,9.186025549190239,9.365291689754342,10.033754642497414,9.860343303203193,6.816800660625471,13.527481061532773,10.969033319976443,10.945247108829683,12.63574702443313,8.890791061066325,9.483345758963516,11.914831297438285,10.871243898398067,11.689804670089456,10.83982532929502,10.517239736711575,13.86703097457984,13.131587417098608,6.002481716722578,13.960657122344326,15.317457046726208,13.46355675343222,10.571351033487614,9.62161157907151,12.455666228331735,9.76186127929008,11.71231966077876,10.95623825132247,13.43610087551302,10.221083951393036,10.114395310188716,11.756453229481703,14.867679601856237,11.161941611889134,10.16708727289725,12.715006503176225,12.436256559649422,9.097056498703921,9.927679799641956,13.193057712989765,Brain
11.856025681978855,6.060602269864805,11.963958278005789,12.852912717240644,9.324837216473771,12.3543721311642,14.74463823464144,11.792747880128884,9.748767409534137,9.955077040934835,11.026067799533102,11.755539183946183,11.125649199466364,12.003192730692344,10.706109214159254,11.36124594748044,12.92962116465687,8.870337694273989,11.21742359925477,11.211527294055522,12.841333431426143,10.546555088901277,12.306096622099522,13.205374930925423,7.300394125671537,13.337262486901068,9.029236405748625,8.812119181863052,5.241086213055248,9.393644669974705,10.99028611069794,10.233353387468194,10.074946279596496,8.775005291341104,12.734458997952888,12.916827672426598,11.836237043911172,7.226943908428723,15.546690316034963,11.293949300914432,12.079218403167332,8.003408725256138,10.977113105060543,11.82670817524729,10.7182028910653,12.744323718706907,13.600690295993079,8.312952471865135,12.700241164247714,11.78867990292966,Brain
10.990608010652881,7.858376032944769,13.959697550397106,11.793548562542258,7.4334978756689525,10.51373107918597,11.654446772731733,12.013150603345064,10.74479041143725,11.683181611897433,15.237772424459983,14.093073510943018,9.100961909642283,9.806205336874495,10.777592000379462,7.5018611316567725,8.317193004107672,7.756610758113034,8.70456005435,13.779205656293183,9.289518962240379,8.945876482128806,12.76567532101878,10.101391227808437,11.837278938345204,9.543641501273333,7.39622406198688,11.935434154996234,7.897132111818696,9.979013560844809,9.534097729912553,11.390692945093946,9.888110204450765,10.744530343072228,7.878885855125462,15.000696178212207,8.599736524539674,13.402760888435381,11.299667432679195,11.281814736142644,11.708839170239324,7.239374823094887,12.932784003944834,9.978111065426075,13.420797266273278,10.697528069015542,10.25095688181906,8.417567773727635,9.468981268385322,11.844627523328128,Brain
8.38417140066125,7.018800900845273,9.2849022286778,12.680010753244858,14.562582154052734,9.645168664570487,7.902342640351816,10.313741871791803,11.367711028819116,12.155794270197669,15.269282496014815,11.453697643961572,14.310923250757842,10.074149155872703,11.173131629045109,9.81423453507929,9.639991331764115,10.473188310265455,10.438690249318359,9.792048161004503,9.901494185271396,13.193592508882809,15.226224313916404,10.003186754587109,10.351209104865202,12.049218001261018,17.374066676145937,11.168327042015841,12.945265733797582,14.088949677415584,11.688136262804045,12.852465085770067,12.215677080669609,13.065025585655762,8.93119528702863,11.408565884002657,11.962435456856253,11.934114345457775,13.274034837266916,11.893780289548136,8.710102959857197,12.182632233855964,9.233842683040933,9.601243903207036,10.162982237579135,10.777162446836819,7.912549194616208,13.233786880403358,8.688968179821032,14.140221244077708,Brain
8.750096524334285,13.563840760628404,10.943157084801866,7.567151108112057,8.914077212794297,13.652943336638096,11.89729734810401,10.842536632664386,6.5664778910341814,13.779132677229928,14.740847795631034,14.37603406473783,9.769509568461018,11.765598934301572,11.984282067873323,7.945094748331178,11.360985010999094,13.142083048235017,12.528956470651423,8.777672374511805,9.274769756868904,12.581187978848291,12.265704874765422,6.491682640964769,6.086813708453211,10.846935877296907,9.820694286625669,10.403397553672585,10.177418818680371,12.96804708912618,11.2071361688847,11.535272028326249,8.315374346980013,4.271808947073378,13.247083563383033,15.286410376227774,10.314822263538709,11.49862908324391,11.64903663274911,14.35058649933644,12.777968588554307,11.99212846645175,11.111144313887934,11.120465842978184,8.121076806732539,10.233024947610478,12.77240393225875,10.53259364137199,11.088701114998134,8.647745044021857,Brain
11.89101380256277,8.076486687928556,11.579765623074252,10.625550087302372,7.513429505576482,13.138955904081739,10.672269473074063,14.721556108238332,13.956504229644928,9.241064319506487,9.416560042688841,8.65604629109911,7.827072763147331,10.155645650098005,13.887494419371523,7.170185260780956,12.70388893512937,12.536678908610009,12.109385588447257,12.466346729488704,8.791556422905733,12.523143682595194,9.90148363691786,6.081613275842903,11.114825895512741,9.311784535182507,13.717633266665457,10.42730696766816,11.09121567985119,11.77835915228908,10.465198724233241,10.792317765140002,12.687148045560688,8.867357043520062,9.5963731149448,9.065777890798067,13.873509345099107,9.59660004598434,10.71343348256584,9.79879063750083,10.383644093450426,9.525141067046436,11.925448627282238,8.918299693440208,8.295098890180006,9.883159261134479,9.403529563936933,8.324310352383243,10.353254401993597,7.679765158887333,Brain
14.455495254868518,8.014797271168614,9.707401001398502,10.192890086306178,14.369369929211242,7.539369379151644,11.284100183835136,13.07431692988925,10.380513793034789,8.660365935657982,10.784030071293882,14.054202519784955,9.768428310464577,13.872366936155531,11.517333824020433,13.465028423472502,11.437366184552282,10.031248616061394,14.277719972747906,11.450470705611208,11.332859071606322,12.615111263210858,12.84830476617107,12.625712928476197,8.298556094116988,9.725528935848246,9.686942097062365,9.44183954150425,9.255792469192881,9.65795217769861,11.671897485708321,11.988818574499657,10.996728066711805,10.147935322871161,13.550926497307241,10.816867878700325,12.874145040630356,9.861347738902445,11.82742559990415,13.68417700861183,5.782423980631249,9.689829432351843,12.187484351682423,13.425630147365371,11.406227095893012,11.099145458598809,14.2211569264466,13.547986781177638,9.2628361259046,11.232821960241514,Brain
11.72033800427103,14.437198748027372,12.732141032085597,10.792847800196753,11.440148657607242,7.232233021532213,12.93725696925469,12.291465577446495,13.424312866450204,10.71190140345096,11.256082137116922,10.03732330144055,8.703890187688518,9.795487594235647,7.361399100940142,12.82921103118817,6.650234994693806,15.06428505191844,7.471746201399836,13.999777351350394,9.183891912859124,12.122066134942122,9.495106599346263,14.347496318782765,11.087405336168548,13.147364024197504,11.15209607979277,11.705919951077803,12.2322133080395,9.942552029000591,8.43941774352949,8.396793348516,11.10168513827231,10.022719829223838,6.708286480300116,12.025882501582991,8.563020717426829,8.679349949461388,10.916747931426151,9.199768683852174,11.245010996679039,14.946921783205116,10.241884707635357,8.880841707566702,11.36301395525462,9.449536412664624,11.047502963995495,11.631271953362477,10.929606123075033,11.113117899178336,Brain
11.384180761265299,14.19422544504162,10.49416139178601,11.25486881333618,12.733698126684287,11.942073662836043,10.283581599018442,12.803726874035775,9.25750623777014,10.546501145403548,9.45782691899112,12.152349198942202,13.379199562569497,11.44667231739271,11.150531891858375,9.249982665083849,9.594897765759672,8.613479768723149,6.646637221455635,10.217931997539017,10.40378946129407,15.345684590746611,14.125627132416222,12.11128047926707,15.168954461083128,13.78180699237055,6.984863957274452,13.134912344469504,12.422908530389654,10.421244105734617,8.16959496096497,12.190802271420846,6.841744554051007,10.95705007525068,9.765819183426249,8.48231591689561,13.377602015304412,10.917383138838455,11.34793265833914,12.815743894484855,10.982418887393289,11.902822397294996,12.63170324097818,12.133511853837653,11.571960332376568,14.566225670750114,13.483941196019712,10.828473661534332,9.180614099703094,12.277247299675288,Brain
11.43172129637801,14.417991326377667,12.974986011401445,12.528408776003817,11.02590307590819,9.248602516665516,10.60407406259737,11.953656188648221,7.540839813981709,13.483427919304688,15.13408800350276,7.110121419258501,8.199568897972929,11.45932492846628,9.834838168730132,11.521812867663346,10.856651926885126,8.95236296102189,13.57681268035698,11.929033210485699,9.880516050543456,14.010050229321642,9.983188090212495,8.516318966588933,11.367023646175472,11.706315246445332,12.063833784437692,12.392702253304975,12.032249457155382,11.950987282898348,9.85249239938367,9.638511450858893,12.484729832518237,11.486913021399776,12.64049147897251,7.585445688744803,9.998427235164812,14.814037803821112,12.10506630469488,11.591100901958306,12.415848733939349,15.416901051732363,14.996099084574055,7.840958485374813,8.578997681861264,7.773178688898415,9.505784222119475,11.109838597304513,11.484030288135592,7.939042513625495,Brain
7.265296347261781,9.470417226089099,12.832342531209243,13.180725823387291,14.41164971867537,10.935339498149771,12.656306980780212,13.01978992209932,10.006281934654757,11.775689763060932,12.317410251419508,9.181684765829752,14.284192342214887,10.922375434559948,11.174070456293345,9.10531724011575,9.441147608244933,6.606970798335982,11.110311752837225,16.011378419283943,8.962761103791026,16.952393856309946,13.828502525224827,10.052822438045784,11.054529409637757,10.729799384170125,14.412327946795422,12.034031460235921,13.363948097243629,11.716343690722697,10.776054958810766,11.652846730141428,10.186111532255838,8.095591913058204,12.6273771519133,7.997671103313826,10.462331646409648,10.120271424769165,12.286707862108141,14.129409169867058,13.409941294601497,12.344850037790186,9.740256708758436,10.633061692807072,10.341452585888364,10.059437106541113,10.195097782746325,10.141723929864819,10.053147614599009,12.903766036057108,Brain
8.890726222267816,9.541051795392338,7.8331865579209765,13.830965605021698,9.406994082684825,12.32155046344428,11.950637720424613,13.637677242181542,10.579966603249812,9.104920425428176,7.888500048256743,5.430728710435799,11.322706451757805,12.55094514497783,11.943376210395682,7.940471393654384,13.077652290223858,9.603567943369296,9.186193011716492,9.558735529393633,11.156817845012155,8.030596856965856,10.925928172561765,11.85889649076734,13.21464779248723,11.351913314442488,8.320743003612417,11.297780455304448,8.87948345210776,8.7641096872661,8.274592792920043,7.177492640211952,9.86567366412921,13.257777486093815,15.512968030855085,9.852829683319811,13.17221105353931,10.21083536352681,7.6985285611028775,12.401884522892153,11.469628173591133,14.636039215922231,7.930643036034488,16.592065416670554,14.183434646376313,10.964152852876293,10.402724416402965,9.568380262262766,11.219465278375585,10.632127689182044,Brain
12.027590827161223,10.411266677963388,13.829927382993326,11.250092062332893,10.486365944148536,13.04857316355878,7.754952739604496,11.681976704554268,11.051142672818868,8.178298939188434,7.582993440862985,13.020690005883155,12.925581380701388,11.345116859268717,14.433315552909448,11.881936363722538,13.49961063882243,11.840649174369041,10.448380868796017,8.884937497133315,9.793127490194475,10.485755457505563,13.72630620421341,12.539839117059326,11.660638136485233,12.74001981512815,12.054767431384965,11.523875222213652,8.00268119698609,13.278315145723354,10.082976304947048,13.17708055524509,13.37042058302178,9.659921612889306,12.899432161191875,10.278025041488203,10.289935344706551,11.514946469165317,11.568945178339082,11.077103030701783,8.331423968888087,10.75710672103132,15.556957456376812,5.431991542395956,12.739480880456826,13.114249866712617,8.283304561427697,10.061122173180907,8.998565684113311,14.707930754623758,Brain
13.206050533555565,13.302850748929465,11.24129445198959,13.624183899499286,10.983526865875843,13.718315254421116,10.70260715177556,9.64151616657312,14.621900532663886,10.958302478669728,9.202400183515072,9.180732205020055,9.186842653961918,12.688884702058738,10.802274245909569,15.595917951994165,13.37235636464824,11.514276260187943,13.807795082396566,10.008985327061033,7.290428391681388,9.02083388485052,11.294415658739206,10.55491705565772,12.64883077651492,10.750772437313062,12.49606945192345,14.001943261128579,10.744608298778457,12.110290577422242,7.490426318849532,10.752212042518881,8.536083748507957,11.290453554258693,11.471999513354662,11.465352715827589,10.039754820407413,15.596937723469667,8.463956976713863,8.341708345676967,14.30995675147317,9.591441738820214,9.11061862492714,15.605823795446225,12.971445433647128,9.811070903723556,11.435015811387123,14.891742569655367,12.383241361901735,13.572296910212884,Brain
12.60960635746761,12.860506691907082,11.079483391820855,11.022696957952439,11.534100770696908,12.468905614900601,10.433369368334773,11.24410786900601,10.379308768088029,11.231369643989058,8.498007338036306,16.21195493391904,9.534119762442248,10.277078550481137,9.361471212890395,12.23141749832908,10.607994737515337,9.072384979805564,12.313766732448686,12.583298295845582,10.866247351045466,9.672748097235846,15.382132011119435,11.680135261050463,8.451862030093352,13.828080922005537,9.288450501174857,16.483756680539834,11.159315715055174,13.026632072110708,6.839964878306198,8.431718231820074,13.66771923952143,11.635630131258274,15.084792845428145,11.970350210459179,11.29059247948208,14.42714798164441,13.02027399845089,10.607477601447421,8.811791799003107,6.256768670469012,10.12466866039459,8.627329809557256,16.195409286468767,9.699258111859946,9.644581988749911,7.957510250822709,10.467365342954594,9.670930140715575,Brain
14.475458857488919,11.336952318829969,10.982271954687246,10.730654491834805,12.572349840378404,10.095343668731,12.334412187063677,14.227939641454888,11.920150020599294,10.500537434349729,9.093081658056198,10.449752027305852,12.126157747945141,7.934945316165358,12.663085515418565,11.41522537645613,10.701621680482562,9.681173177097996,10.047244598061265,12.194612082930615,10.743576947809778,9.99772006544286,11.937126986743046,12.01637955498426,8.501649877351905,12.14296139315397,16.003396425720886,11.939241578751009,7.6019855903126645,11.354750783679092,7.33836925161263,17.33474334412832,15.471349373968948,9.668123034409208,6.508665602012328,9.243257625814431,10.638018522120554,7.476272515920523,10.861954970007545,10.624842671459497,11.250309394125777,11.45929035387596,9.068764800245697,9.293171920500692,11.0911843289401,9.738015740252106,12.814989536834512,11.0717890995354,14.730006467994947,12.640964876542451,Brain
13.207427738781195,11.265132135929571,11.314723002580592,14.462641159818354,10.243414232925941,12.093558708330479,10.467524935677085,10.462727883225394,8.66220746851656,9.514971298286119,9.1434610971671,12.18873761784634,13.080411856447325,10.810493252843195,11.459255860327307,10.695057289789808,9.37844816021403,12.724526049593758,12.305069387518959,7.214908029392072,10.433781997529493,9.235945317585143,10.21812286066955,9.659136865907481,10.9071592585172,10.340170529733053,10.297718612358322,13.214776856677426,12.114357321338497,9.592210699399132,9.888906534373158,11.983586110799225,11.980839143405532,9.792439521875862,10.53201866619567,14.693612080173937,9.826903822957314,14.82160917691757,13.20733388505161,14.450832550110931,9.741856055861142,10.662888251874477,10.101672382448875,13.253506383852406,9.86463245465582,12.462430986685748,12.356598822384083,10.903940938571647,13.59731946832867,11.215359739453211,Brain
12.668171437216607,10.010593262164434,9.55312637178635,12.462291058515216,11.861680488667497,11.48661532825673,10.312623304124433,14.098418953052608,8.766828391492306,8.657313980538056,12.884333010327659,12.72019276828614,11.707525557983736,10.424095556194388,12.004844258380825,14.441660594239067,16.03109241574845,7.687172589049688,10.162159761502906,10.03645347403032,14.253038943399364,6.037410026869597,12.027670386131092,10.486379383161934,14.27622549909528,14.00207768000892,11.731013469653385,7.840553858576406,9.852221035329734,10.071217846772523,8.34709041109307,13.309168563718739,8.093147005451188,14.930655016907425,14.925645268090918,10.229879476280988,11.656990740259632,10.855433043859152,12.80364960072338,13.549354677129518,11.515993984240133,11.938233419562126,9.758791472120967,11.873427933780677,11.325524157847962,9.176411022497286,10.971925781313777,10.233634964027853,9.781008836363883,8.707017584800864,Brain
10.247362664051638,12.075320466335876,11.461627736637222,11.827723109033272,11.641976065765029,10.536245828739565,12.390820569993267,9.874734445167796,13.977765474618037,13.246619613309207,11.013074367271969,11.11003335725228,12.551021124696506,10.402909368787634,15.623960248269743,12.715851457383538,12.786526302767355,13.36289016071457,10.84107345185986,14.178019963569547,12.229066732430928,13.900290941997664,11.60409374686334,14.634556453462372,12.80268725404958,16.365014048354176,11.26095676635554,12.40909879218149,9.936847506259685,10.94140352490756,13.237373095695812,14.258648875079,17.930020703441443,11.806742186753558,10.133573184708805,13.506651520754483,9.744345558997388,13.128554776053473,10.995488567611753,12.423189940760787,14.182092204329335,11.778533141838608,13.865758168657242,13.746317097238297,8.271336943381812,10.196798507928856,8.876386277209058,16.00347420506027,11.789216149125348,15.561658425933285,Liver
8.734095438916032,10.854463150902948,13.600996483531945,12.358549208853368,13.065719785626918,9.492383532413486,14.753606985757859,13.554032191514578,12.803251010982947,10.628779437836384,12.647600255211891,11.41702004201302,8.699017579924476,11.899154296557025,11.686539203554949,14.12480301975024,7.531147115371595,12.470399657709402,9.688863903788565,12.638446684391093,12.748560111154612,11.826310445739617,13.614586249622167,9.508467881800602,14.2154409005634,10.583842267611717,8.888202699020209,11.455208059000382,7.809684954640029,12.508347784492404,11.481499114839549,14.467373842752071,13.297848421013992,9.21600732562398,10.32322501776423,13.041328841068418,13.694158019970068,14.44500182977376,14.429018570610696,11.82095477950419,12.725311244502338,14.597477007887592,11.393383076128103,12.759452373880247,11.346238440640697,10.898103771069145,12.096770236571606,10.624913097320817,11.738168054460502,9.930090270935734,Liver
11.620011225635242,12.896780587231722,10.822472927586409,12.018583505061825,12.278685187242528,12.90506978364267,11.732840317389568,14.171732683735613,7.798162277096164,17.875505694335548,10.257732471924967,12.806780046708155,10.123064179588303,13.288536319018604,12.553138305189856,10.69857292530982,14.146174690820626,11.672078240796157,13.094431876114008,10.165680389607928,11.93822472885684,16.00681453436421,13.92593105822826,12.615241510902104,11.102158344780408,12.134997071750018,12.395131980344765,12.89845686983949,9.846678983644669,13.33681592188473,9.820813803410694,15.262251704563743,10.456743355166243,12.59325663935235,14.010285146556036,11.495239913071101,12.681200038199718,14.870363098380103,13.128805975786532,12.711101259348705,8.630429210359075,10.132555494519554,14.093840255300023,13.139900610682766,13.442932547570148,13.270793864429795,14.579513056750748,11.477200150089754,12.240999917578602,9.942651333741832,Liver
9.443954833127247,8.712518568823885,10.229673002000304,15.105123630979284,8.894545864367924,11.392928028845605,9.413709352707684,10.798052073993277,12.339387584704038,10.599768253589984,14.179329730032922,15.067956241699134,7.501808543888122,10.634015339297754,12.118284244544844,14.252234052030762,11.091511449693476,11.960129209508379,9.686511549896103,8.93440829547531,14.890769379165867,8.351860252214127,16.65723801684313,13.450302798763483,13.359946151033512,13.15093733498886,11.494628623998072,12.784169059401739,11.62220662443105,13.10614655288096,11.932626946182568,10.09930363379653,10.258854767476487,10.031455249414993,13.941801463868618,10.765106775081804,8.17579367783028,12.79367733169761,15.029035125179163,13.546166378355053,10.793352869556575,8.826376568809822,11.731463793284979,11.68155224380658,10.061600779372467,13.102074604485075,15.693253001660946,12.444565434916568,12.320952413997691,10.125543902332355,Liver
14.794829406120744,11.849711666379967,10.842073489611659,12.127376787303232,12.943922666493219,12.278430817289806,14.412306791341184,12.767943105093725,11.43211637823493,12.80238443265378,12.999274202251915,9.407248161472316,14.29883945652743,11.398191961277282,11.44935355298914,13.502751974151892,13.494330448519163,10.598336642267828,13.605803236291372,10.879103697020952,15.639146093397311,10.343612037468473,12.478954923411793,10.435964726184785,16.44539125827015,9.524358111825768,13.04872549450582,10.5301791710444,11.291784717104026,12.907075667490352,14.449168875252287,15.246793124598092,8.92610407994736,12.535502448728923,14.918987206767042,8.629378122476119,12.628766988109694,11.995832405159632,12.829083628759577,10.45539194934705,9.12876234357312,8.17378714964195,13.952767906924205,14.208098272966708,12.605370697991972,10.931703300623806,8.75390821306851,13.126690925010047,9.79844143432663,10.577402750478925,Liver
10.826871840874563,11.604929548606064,10.481919105582703,12.066917541984605,10.756363398987217,13.402746129678446,14.062125827976107,12.217085352056877,12.925252670762205,16.23571189925178,9.654793486277368,9.53306379743979,13.38999580155375,15.893085675029532,11.479002876122555,15.453667684437521,12.19286743758698,10.638225435921836,10.018615222724593,13.258827169773575,10.170081864434607,12.162553685534055,15.166930050768187,11.386439214257258,14.6280189492878,9.570913020547186,10.9321817973664,9.185711947570168,12.145993511946715,13.560156359433165,12.150374175212372,14.454100119940303,10.50164151874174,12.450685507378134,10.945061352772287,12.72335317084731,13.007472092424852,13.164791919968126,9.858811323528796,10.220507796426862,10.591424583617622,11.522238504266806,12.17437280841286,13.416178243713354,10.303802601321536,8.797961404596496,16.31148632641358,9.73709395869514,13.672647445991103,12.062533754497348,Liver
12.502611281612761,11.996898988328194,11.230316236105748,12.927944565846918,11.122825587485409,14.33260549447358,13.13688201251231,13.199188226562988,10.98575387988682,11.527290525822009,9.62417438271587,11.293967886548876,9.926848167287405,14.62613703117743,12.101071631188011,12.340994470080862,11.549706945299958,12.395157844102815,16.929755271715365,11.399719431215017,10.699173930580013,13.059386265810886,6.948562732795024,12.127913573821866,11.256574193414199,10.015373467927812,13.015515340623,12.107976836891586,8.395182185011565,10.706940957615124,6.223457589614551,12.586538628267006,12.566598836880313,10.413436212332654,13.080225423366253,9.435002757756955,10.066965948130013,12.834380928765128,10.622666490074113,11.87468608759511,10.872701945147314,11.178137687401632,11.265551568090014,10.586486485563645,12.604899428720248,10.744143026492102,12.031373427591204,10.542536637251194,8.931402747231083,13.824870498518333,Liver
12.999053970190817,16.577364137595346,9.912054320003485,11.582079025335938,11.742985038288388,13.978738876564263,10.985784211734783,9.657916291648291,14.415618616922004,11.366699941477544,13.757287019452086,13.524396801584423,11.9402190521954,11.651372589930505,11.216870387340391,11.969613742460021,13.726200452341262,10.407119637880841,12.21769126041824,9.762737143602385,10.011787533915614,11.938122005688752,8.079683983412336,16.121117233232106,9.613880090179528,11.919822974686893,14.336435443633729,10.274189322499003,7.394606020910567,11.110108479750657,10.250359239847763,7.4472529828159955,12.569779785144398,12.414187724465902,14.284652909076703,9.758355268959225,8.801727027105974,11.186553833906832,11.82331468198181,13.842699205972993,14.821136010010317,14.428958267814693,12.553087333785333,13.598998507008297,10.719013130461631,12.336790384950493,9.617419721424387,12.125370793773746,12.177293394796026,15.44425721136994,Liver
11.542034277019507,12.180085675306573,12.473922831424085,11.090359368223094,10.395014533576706,14.597622649694104,10.038165114079405,9.344163856625453,13.360530758590961,14.31562968404802,11.097180684798722,11.12789302470024,12.565087052213586,10.584294646513634,10.436574958776063,13.759185175972732,13.214262201567237,14.62231777263621,9.494821975269009,10.995075026178768,12.562359124538906,10.148758300451266,13.283374874309299,14.449254174452664,10.833284055545304,12.077183880454067,14.911237380162234,15.598543150038,13.491602502120807,13.186858346387218,10.292526930630176,12.718418800915682,13.113641681549996,11.57925968287791,10.810447490888675,9.43740465304629,8.524540489897415,8.104232973357675,13.158885145734523,12.295398650453555,11.032377736917807,11.337087404550722,12.420941083060969,11.670873857982812,9.318893639992343,13.826000440548599,12.608252341339618,12.531796959627696,13.675125406716745,10.372709287880651,Liver
14.427462875451685,11.719914296115524,13.77719776066175,13.46889806697531,9.922396343994889,13.005800809828273,12.652549341693371,12.060623314988684,11.811256499929238,11.828213500564416,13.62537885128799,13.15582102758302,12.060957700531329,9.016127707057251,12.988886828167237,13.447227238355559,16.60082017089394,14.150866126210076,8.201647224169065,12.156858798037286,15.622750057329963,13.247097713803274,12.657304320746418,13.800457317830471,10.755243610018393,12.956179993254912,11.499063922016179,11.96075302837905,13.656909031390214,10.146573795015637,14.575964947603877,11.154376077828914,12.521325666300815,9.198984079450113,13.43967458174278,14.893007871893156,10.970716901563705,9.7795532269808,12.555966129485418,14.909621289983486,9.100286869038188,9.787383637543316,11.091620883376969,10.359312350938609,10.36562906678201,7.811758744672446,13.178113894811736,12.67744100573927,8.602301600392709,14.914391519912492,Liver
15.362184629860975,10.498188900439771,14.333097181954011,10.854004390018108,12.36223302042212,10.328475729958182,16.42850304692455,11.407965545340204,12.252898045646925,10.624125225072346,15.72263119447279,15.77322929217882,15.261858362525881,13.912880696695243,10.750420906131895,13.655700191924836,11.985914402150529,14.624817243485264,14.231804106730722,10.70146884384815,13.895651605674432,13.364068900087853,6.452874274173103,13.601873279258925,11.136408422719587,10.227915091336653,10.313478791412514,11.729514208735937,12.960119160173367,9.269075955615639,12.379695672424928,13.153516132386144,15.723611567339264,9.84661966154974,11.300775626444393,12.523325945392958,14.294818660383212,11.391552237656372,14.397282743982103,8.125275367047081,9.493303613756229,12.697288688668442,9.17835100382425,9.651058946466566,10.944446271508122,13.542877983831648,8.208070317385422,12.340596724324788,14.065927894305611,11.610109583142084,Liver
11.262339540814919,12.803542565117148,11.61577789455712,14.780999562481494,9.777173975731131,11.89671168966983,12.411372749921368,11.243091896307082,6.2574346740850775,11.678190183901615,13.800353973824933,13.556218372252035,12.709556964340399,9.804275283301553,12.790618924916968,10.853124356915524,12.706965811897334,12.24301002280343,10.047249457433256,10.215088321286192,12.710044908843033,11.557773809422997,10.319437138685743,10.154339620546335,11.392338304027568,15.136209589436419,10.947843935576083,11.971960923484822,12.20328857537902,9.737947217016114,8.47433503231461,9.946718530528539,12.494154755612607,12.174662115830818,13.404813138302131,12.193499789918233,11.780901417061592,10.791975450149746,13.769213579725387,10.161639722558567,9.77920096540796,13.134111034776206,9.33368537869269,16.829581997317263,12.159986761118287,12.695812232649772,10.383160350953226,11.369470311516908,11.146485766235292,10.916330024662717,Liver
13.265923503019653,11.100847923549438,14.035002458168362,17.326364700239647,11.408917519706902,12.304631027153249,12.758964114331015,15.623009625187034,11.834704429923622,10.341966160683274,9.467318988748591,11.884032105135532,11.103239561892236,16.020018578600002,15.539724841353932,9.931254344152805,10.578479792901643,12.147540215773772,14.794452845117526,12.114026272742102,10.705518724023907,11.88223638019455,10.743030272207907,13.204954418878964,10.58193257667059,10.979127895146066,14.323867626912193,10.463270105371855,9.107743934879675,12.18998750271261,11.279053191590808,13.022831001859908,12.63494386946218,11.936163010713276,11.877913149060008,10.52828310135433,12.166694141986486,13.762569562865536,10.053106517201048,11.989205247276931,14.076777511469224,13.010848186433398,14.618945792701426,10.86371534033133,8.338463103210268,12.401303607911373,12.72514163005297,14.73684390894535,14.376291469413967,13.073487246024923,Liver
13.530780428340867,11.616357083586722,9.561770777361566,12.23544243476182,13.965146927255555,13.312721739657096,13.66761467831873,11.144488625906495,11.468906323963152,12.966850976229207,10.90698521098249,10.968565860133996,12.595964472754904,13.521809486313815,11.600942653341182,9.673621077892722,10.52839216991434,12.407344169786196,12.383041927731929,12.482476275310695,13.042590581191513,12.0116211170849,12.530112089680625,11.909946354342267,14.297466965858877,14.864684062435003,9.62197743523993,11.489496115795493,12.065448983081415,11.466170575971358,15.585845182661746,12.447910556179469,10.389256345899312,13.192884679121342,12.541949077692385,12.608385839106843,15.61575231759838,12.701570351509618,11.392676952252009,8.089447147379797,11.669201963712975,14.611939834654377,11.817661760887626,7.519900202960994,11.003275215615107,13.985377077825584,13.09163434912403,10.320238206978528,10.869430447201836,11.178582681795167,Liver
10.67457245627414,7.9406522645208355,13.527182201239711,14.514119913378186,8.96310211207052,14.487705865172629,11.793953597205569,14.450264696335749,12.075900872580892,12.27108918431726,12.744869293964426,10.419867349729444,14.389348288656043,9.757238723850431,11.195866510966658,13.048529355286338,10.981609519029073,13.555062481629887,14.751732346367913,14.025092002107673,8.127769372642756,12.251693939238715,14.057365221392784,9.366502306355887,13.44722117445775,13.334921563278623,9.57582021612347,13.668465331480322,12.54539558705987,13.300763577442538,10.067375228469736,12.300272232742769,8.590242891735352,7.446017584933898,12.2816568530555,14.20119521352262,12.50587362853016,11.873107872111708,11.624931759890254,10.114869217113869,11.556278192409387,12.84336893652889,11.129555534398744,13.501173707671553,12.391950067729205,12.633958835546814,13.77732550710192,10.946489134690019,13.318761172373904,11.227046565496051,Liver
12.67902896763768,10.708457298726863,10.178592353870535,12.183729491296987,8.229599895957765,11.407465112982237,8.787245988781638,13.558468068627215,14.100221192217829,10.272097557158387,12.856625924946993,13.798271427374983,13.804938445003566,12.428901667943283,13.468609351122993,10.701337376159211,12.16624493131336,11.065793186418448,10.532424052429272,12.072126782939256,12.695060752316149,14.327017535909974,12.530311054597775,13.283861069923102,13.306566346499075,17.37506873139392,8.379935193454841,10.624132266325644,14.948112104976161,11.295973850293052,13.771606275203439,12.460019047525673,16.210404802416022,9.773891145872575,14.443601105037626,15.499162610544998,9.971162245664,13.565740487162692,10.069004028341888,12.06032314507025,11.486824139635653,7.194492130200626,12.848468519423797,12.286678335212462,14.958157946811522,13.222287309299086,16.581767848157526,12.214084764157427,11.788939895995385,11.631286698565809,Liver
11.120822577936453,7.584498167234862,11.559610745984084,7.864290547128015,12.904066689171538,9.519879415058831,10.211334753823161,10.661179610334896,11.590129924373509,12.013736509878074,14.168959166146141,10.844939812984892,12.96029227244474,17.461734466447133,12.75470140552646,11.639020422136733,10.441696696143406,11.611336909159343,10.227559312781189,12.537322853367545,12.207088277278785,7.675561558164413,11.962883988467865,14.152292625280026,11.2017762955945,10.694206455176875,9.244598453766296,8.28401591675119,13.662698534126509,11.637043340841608,13.544043124006846,15.062647489158937,13.842495369820691,10.915255357122408,12.28973532931511,10.770454269686164,10.583423074796674,12.685630324805247,10.335412233763655,7.581696761822598,10.223704208545247,11.386237702625255,15.042796995663844,11.018125100257269,13.02384818205855,11.663383532075862,14.452810287740768,14.314192770927917,14.35235021047984,8.532032941165294,Liver
12.413448094489988,13.517877200243895,12.763077125178661,13.273192651643658,12.116702008570956,10.510431586546947,8.605805230027496,10.70886114270305,17.356219747276786,11.028697647818657,8.081219547818513,13.465298721458165,13.71092001736529,14.57464878030428,12.94195700741356,13.691203028933902,15.680434269683982,10.50905301587577,10.112298589152566,9.810826920894142,11.468460827012034,14.866844839650337,13.05613673549247,12.977383905418437,8.361384142670552,10.613626345527162,8.328684734275926,14.342491578643088,15.171292985771466,13.559133454480763,10.02642790852091,14.964044987231581,11.49349017994958,9.571081438494677,10.071191490776615,11.139686728816326,12.099157040969413,11.677311576696413,9.174663163657947,14.426632818371283,11.698788161126313,10.572492287458697,14.220604723965529,9.633187623466938,8.74221963285097,14.544974893197478,15.782775699100679,11.075807962697203,11.90805998416571,9.706670570958194,Liver
12.010985100486787,11.048589472537607,11.795743119930002,12.818516775194485,9.803709043938307,11.276377321534865,8.392437156443643,11.290025431773424,11.813131858166,12.457964850122156,12.479153080726418,13.807845501473711,8.92066696145336,9.027445940099412,13.05791587278504,7.922077445989168,12.366600424209986,9.639414120820213,15.145629281834363,12.500904815455556,11.561687960573877,14.455441754278358,9.873195986858098,10.253180731824383,9.477090332689782,10.269921547302014,12.122231218734775,12.987903743987442,13.922843370735086,8.350551906198522,11.656274027073417,9.783670937618396,11.589425817023798,16.66832716025408,12.58372352400003,13.798929942296493,15.921382544322093,14.254716486349515,11.104171040626031,9.448335826860124,11.939711460958298,10.864588431562629,8.95095742676165,12.481849994578937,12.531772596118666,15.538233400526572,11.276473862326373,12.560242777938898,10.66902917061957,13.746338861386931,Liver
11.75076440761974,9.654816782294514,11.973056356669684,12.781045795130002,12.510546774827127,14.09179343099174,9.103887255918622,10.314514819970118,13.279574663591074,10.549462044077858,12.480942498660413,7.160509505176475,17.431893144625764,11.460562936885328,14.387912519976556,11.326204348833018,12.829397057461774,14.983839292690545,14.331612038416772,11.59109004062955,11.729491349212616,14.007133120366571,16.6664888085706,12.384565348798082,15.914127281083282,11.517171179159588,13.903920727019603,14.202311524494572,11.180078992294453,10.505843841396716,14.290778377094705,10.936886125513887,10.211300174649194,10.632080996401806,10.928773323149176,13.713234209251356,13.030085346552376,13.431316489515781,12.842759622196166,10.812319675506723,13.394205711816545,14.364907653210608,13.169006432238618,12.899311813251702,10.465890986858646,12.423634157948955,10.359517341102597,11.951944283838792,8.719466721549368,8.734883194015813,Liver
10.94064462105658,6.288324458099352,12.193506853599882,13.76087029280531,8.568166298482934,10.672320092552082,9.05308381273528,11.256613850942333,7.66798222184955,9.857108685802439,11.962628255997561,12.471423478597679,10.852991637839377,9.32190939358052,6.814797831312783,8.484900577521437,9.06145319049044,8.604532433396772,10.11910593662723,9.31622452765743,10.344242744670886,12.405254602095328,9.187075557541277,7.23426604549155,8.59658480375025,11.167176939946543,11.355887569905347,10.812170394032469,12.601474611776032,9.62727386024603,14.104332296018647,11.636374272211814,4.953025059584245,13.601317259927132,8.466026779728557,7.9317976210861385,11.047542219665788,6.523639055326912,8.609061537356773,13.114197081248415,11.112435157995005,11.62447956187844,8.686178799005052,6.9232600020637936,11.413634858627468,11.860512312483902,11.76998677216222,10.418138460235731,8.06586351305586,14.87553917611946,Heart
10.959574885968351,9.652226716821664,9.661101525033265,10.299194956147108,12.139216524315962,10.379256246610906,11.717026306894994,10.302795375786415,9.775292217059238,11.282500786656778,11.206572067347594,9.66073176180969,8.501586084571482,10.683457829480869,10.156697337925188,8.890256574458485,8.315199034926406,10.820951687788913,11.100190114055389,9.279935770690278,8.84012592817415,8.339489621925619,10.764509878289838,8.392045852718526,14.482269138041461,9.179437128058005,5.149571444254798,9.93965666674173,9.853933040362396,12.223437135048377,10.576252473455408,8.332329633120395,9.427216253006447,10.654839543301975,5.670571499379179,12.677243468780901,8.337660228390671,12.834087641895234,10.784930282253177,11.259188272787949,12.298846872002544,11.146264105384997,11.345772432634902,9.671167119077237,10.74433736294419,8.825004370056513,9.313177800824064,13.929390095937817,8.383612829899157,10.308634253272562,Heart
10.226938073430953,9.378491056438401,11.028801873140875,11.179444185482765,8.148361633704841,10.202713423093103,7.835265322455286,11.577097236634602,10.35297462072525,10.164659773434174,11.318062697744807,9.448979419063198,11.828043918436409,8.103110254487728,12.823753037789055,8.898177634890292,6.607641864608825,9.342930183074536,9.116063605491583,9.327852027699928,10.463296030967966,12.195684721776544,9.616588172205727,8.6167648603622,7.746906375432406,9.06363441738191,6.224350321499294,8.549733812967277,12.488107791724373,8.353281590843155,11.25743172160061,7.54703582038302,13.542191798621108,13.67521346612942,11.182043113119752,13.982505203287044,10.711585949855325,11.537034228299111,12.523867753463069,10.359436906196898,6.895245076829877,11.577926710468795,9.056280811133073,9.20494035808908,10.59578983295738,11.132561759434742,10.300269268012435,11.271459072314617,8.586285731879608,9.914592410553434,Heart
11.698170900901742,13.545582352873431,14.252871177946417,10.865953365455463,11.680019653491215,13.963158329630382,8.65832792653301,11.259399705425167,11.536685898972292,12.895722872153488,7.7257172389275555,8.121188432398966,10.042764422209412,10.755455324643272,12.245727907467614,11.035087551624542,9.697173539779433,10.83292288951228,10.602088952548904,13.490032859975576,10.331317887137065,9.233833172894872,10.89921806014366,10.396970638677065,6.858013288650656,9.968695876755662,9.798523509187989,8.912256268441368,12.071166575245945,8.428640806776007,10.911237239049077,9.704286000312539,10.215390011293564,10.823572582091733,7.384851232217997,10.383321783469565,14.577894979426414,6.886473308242552,9.88478407256899,12.24647864964764,10.603238495907194,11.375933904232067,5.248667977814768,11.1964987492599,8.476623587532803,10.619754569166293,9.941130538181017,14.556666058323266,11.09339064753175,9.774752341474429,Heart
6.980614481492891,10.242293803699793,11.646457756693646,9.838896216361555,8.988687280125118,8.854826672307363,11.070282870910642,11.518775878618314,12.722420230642237,8.010000213579284,11.051955116835234,9.756592091164265,9.815531590733439,10.803651708068003,10.815312507249894,11.057536211583146,7.88505761560838,8.500377185667082,12.971736551035368,9.55885506503832,10.612028796035792,12.109332624086372,10.926886144721637,11.093045261944079,11.789155358487513,5.766672478206,9.020099689678931,10.937211592999184,12.775288614115315,10.132191119311546,8.310567076487809,8.363827900778995,11.767722406906149,9.564452835216226,9.985599908419326,11.230060387544638,4.196952634612842,14.000735023016162,8.537852329897877,10.483872738947143,6.590605973007458,9.154917779189924,12.489376092730193,6.167665640668242,12.252400174378282,9.452607807535232,10.974328880440384,11.315048826970221,10.88284299898185,8.270098696738348,Heart
9.270901706929953,7.076887645498369,10.98359266317616,13.404110308031852,6.351118226647075,8.47670818772393,9.636449448234133,10.34668284742711,11.758352602868852,9.695600039284667,9.368082547108699,12.206261412139481,11.32399113412661,11.077955951402197,10.225031423176228,11.966304421839718,8.687381217539468,8.414611435627844,11.492201973738648,6.749928061506184,10.184359019272975,9.366883295474976,7.188490538694088,8.137464840567471,9.782047815409301,12.067926512998046,8.694084017484379,12.426762799809987,10.126358455113033,12.620769404339942,8.791016782439904,9.902380823789263,10.736967206673992,9.640979074516977,11.906048294290471,5.584872549419468,14.84481107757988,11.715549213990323,9.652936341929967,8.895356652845312,8.26715877710289,11.291230948339473,11.989963337584708,9.674947743740201,12.213980825957005,8.185479906477756,7.832378300026328,13.626682410491098,11.182217227077086,12.793696403626656,Heart
8.292120583224614,8.15294921646254,9.282781361084915,8.351882316921976,11.410730420456902,8.49774788614711,7.656660283865419,10.284030824510465,7.420027648349573,6.401072137049221,10.266514467722555,6.50155991397958,11.550558792590845,7.209332547494409,5.518652427160505,9.412406699718412,10.289189006592968,10.982950127363882,10.344031398031706,7.881374757764515,11.426122361853208,11.920277012959492,7.588475743088923,9.637987722680773,9.451119945781961,10.440763165576067,9.590152416451783,9.864244455854047,11.283631060483382,7.772293800797733,11.47474627052165,12.282265463062501,13.268269986977737,5.713265351725282,9.634196685769563,6.069798851292822,5.1298726204543525,10.288186095214957,9.201696414299276,10.599701903541494,10.972255380174632,12.495791916215842,10.10784085061156,15.846711234638175,10.612819709970426,13.684958089134422,5.3343243989515035,12.69947905910125,9.63847902040888,6.103305481145457,Heart
10.84109021845624,9.394088924031365,11.160106496896285,12.022152915102156,7.021699766476808,12.029837964910316,10.012958968441433,12.705682349386546,9.589703542004264,9.059182214937158,10.054108081377903,10.203721412759705,8.674430397016529,9.007390538089432,7.546248930972421,9.13070982041961,11.352620119995159,9.725291652187712,12.018130592094657,9.629141064693853,7.136964004553372,11.194549775113165,8.652753717933194,9.533265422472931,12.475144094968234,7.678259080556972,10.32948757492877,9.918963299928416,11.401851430874206,11.710306730964046,10.527678008497785,9.2792507068392,10.94674500805192,12.671311794289124,9.945420120720598,9.465487771153947,10.776340515335981,10.077454040739223,7.324581152164402,10.478661600794963,7.306475182472472,10.74896129281689,8.405714551186865,10.073749608372692,10.781187812398473,14.907806691887142,11.48549992357385,12.72959761948467,13.743495637387849,10.978511833998889,Heart
10.571379600534398,7.866557782347568,9.76674013519921,8.553824540728275,9.197882299751228,13.741326752384937,10.229243018399979,8.248200844567783,12.74906690938261,11.910550952474898,12.015306985200793,5.987739593795211,13.897341915442972,8.882970515812225,11.55590954558551,15.047599581234063,14.310665496381235,8.044875749054626,7.110965325995454,12.860693197695856,10.284111623188,8.99823711739584,11.242437093878095,9.674240845081117,11.402648274097487,10.133963615637466,11.444775856656333,8.210934621727223,12.84892402626527,11.395246741464877,11.292594738807145,7.764660145976013,13.399264833288495,9.972567801267463,11.456097724859681,9.354351072506782,10.521778129364193,10.594254704238809,4.360138135993158,11.164896249309662,13.93068292344417,11.079560517983914,8.084583502220523,11.299923132307773,12.118961060346678,11.024933032380774,9.851745787139912,9.515701548352139,9.507380489266385,11.395553802022425,Heart
7.185752009880744,9.256253678289188,13.191219646021896,13.268390533154353,7.043705824396676,7.737172777472782,9.458758840944126,11.785179034228705,6.34505129189402,9.890382730165044,9.05164168684071,12.651929348570468,6.646183052061492,10.185081230987246,9.212781125302813,12.939597852554577,11.1953052927065,8.82836868148453,11.706772886658165,9.222342293382852,11.998659422479507,9.525846018228844,12.109333157537527,10.8721639102545,16.520982161382847,9.894207989167992,10.765724583242896,9.041150516568138,10.005370681509557,4.596329731701118,10.931168033082065,12.685748425898824,10.79326000919871,7.372277084045246,8.396425694581998,5.139615745687459,11.957848013730848,7.98697341458084,9.942582819575543,9.69252485534556,12.975454071316534,10.170562635931477,11.617785840212019,11.092927528295325,12.7188228399228,9.521752610994083,13.739230661009033,6.028675687201369,11.714946996002471,8.266760782671735,Heart
9.014500894440095,11.138828533802071,11.122804099695486,11.212856027380143,7.227684111789523,12.89806046255848,8.198705763544648,8.465425819549601,11.275793476333657,9.42655765047752,10.616521681124983,5.686798606734424,10.568648899038463,10.43566375902443,8.980282924471434,5.851848080470421,9.57438347703679,9.925252280402773,9.26554201933901,6.327651071135005,13.189468014633832,8.722276944111254,9.555590674154198,5.181051357563419,13.189710697396414,9.066900136531888,10.196925634148405,12.241474889633302,8.647391590566748,11.926489974773089,5.877349088117716,11.101973315142626,13.144484333039305,8.839166305563941,12.237763240596799,13.667845304387567,9.490316323891962,9.324943428300278,8.203412508335392,8.980539689629733,8.36928021945476,8.201777803145546,12.397670593422713,8.42014794942348,10.517043829439245,10.076466870432476,12.996189125142244,8.993687535889972,10.762296093308644,11.582139404552219,Heart
12.979499214641162,8.964493309909466,8.76421506253524,7.8764378920798945,14.472599241696482,12.768944876360775,9.915597211375914,13.862878302254114,9.796273211268685,11.448820942867059,10.02034380344544,10.795610903500942,10.583522885067094,9.1500292532467,12.184997076170706,11.431904835367803,12.055389187002957,10.640454370998691,8.186860236445732,13.418772133115404,9.474887532865148,10.72813405713683,11.270762717644537,10.714843432435238,11.830834042460548,12.146755844632997,9.550332993905505,13.250934683911295,9.46619289167747,10.673498097761577,9.224643632791537,8.65305295469842,12.08838217758173,16.24379379485209,9.276480223359366,12.430643149356158,9.348177374599612,9.979030046287992,13.515167544463344,7.852929429849388,7.323681862753754,9.825602702473702,11.327312055875348,10.927333143361764,10.721358351385993,10.068263963023156,11.57308005396784,4.172655115910056,8.498389389824519,9.812775181433103,Heart
11.409069598205019,12.979530280137134,8.22980058366572,12.914157251073135,9.094876661597274,9.740180434038628,11.162865037595227,9.593527841386454,12.220235213332636,9.190791709773713,9.220930017439333,12.103959908418664,8.473751223464683,10.49785819063332,6.679034664612352,13.63927870412238,12.413103872473549,15.50021439916151,12.67672746289277,7.740699540799037,11.337299720321184,8.163982475556391,13.156075014106197,7.797719424044855,7.701690231520405,6.780377092606626,9.023240357473997,8.621044350432857,7.476701788321469,13.979618208487048,11.05976139277329,10.824469079713424,13.178328838495853,10.512515584085868,8.50263959698972,6.5995805149646865,8.389885215313193,13.010831201016925,7.48932776862768,10.706254475995753,12.067850286171115,10.570689680886503,10.797966657581167,11.311207825746852,10.758561743645298,13.218148344946563,7.919416543544779,10.480849753677571,6.363519132005704,5.8525076256269255,Heart
9.836657938296032,11.086759137889514,13.26133555447513,14.839583466020926,12.639721341330961,11.454331488796058,10.319929711547632,6.9375438736332455,9.707926788516403,12.580753502516451,11.79656371205608,7.427331706634103,11.22805129451696,11.05678562373544,10.699780240229474,9.944288889245332,11.331167933888386,11.394626077824796,8.717082469137189,10.91002812276419,9.621209718505572,7.025532264507514,8.876785929923672,6.87262062930915,11.96018707014021,10.711778755108638,9.28901877758811,12.841042686577296,10.135981815162333,7.137554488066251,9.121042919632378,13.265708374546584,8.661048749821713,10.55044257751566,11.487753249029277,11.179896969109885,14.898919597916201,7.6473934861534625,7.847073838934394,7.680491105795734,9.40816315796623,12.198754776364902,7.936530840406977,12.226721011887877,10.070253339855475,7.782006613578153,6.497260086864287,6.944859012381348,8.668293183532152,9.661697648513359,Heart
12.692125953460902,11.598176424376478,8.322117495839395,10.817330566744337,13.30309253838448,13.74783484206007,9.371187976892807,11.916576859410004,12.779910733775647,6.985856153643226,8.975185825680606,14.440037468846526,9.397927779758191,4.142097270597805,9.758076379226555,12.249250998231723,10.013020873601793,11.430727893601267,11.876443995311464,9.290125097135435,8.961214027171248,10.306881951908544,10.355557845859762,10.108153639693942,10.19031304536493,8.502907730758524,11.500573820161897,11.198463894225933,7.327983266729084,9.221675365828066,10.186159745078893,8.93137399544765,11.274743955175587,9.866234923085724,10.338145058910374,9.198581385033853,6.01356235317877,5.899303356875101,11.179219093384054,10.533824152978788,10.877324412702169,10.268945684125827,10.42913480674703,11.938046747237577,10.889238744802824,12.081818700612226,10.342923682453195,9.399236518960459,10.388405724312491,8.327644237025407,Heart
9.240306142176182,10.355142617280073,10.328636663802023,9.787162239994023,7.223630579651587,11.272819092841429,11.668456813199098,13.287380990504477,10.883551993177463,10.002923668382966,7.9739409807797,12.984035738722111,10.495665953748047,10.386746347650913,9.491887603642295,9.364060867130275,11.376533468101693,7.957118754682816,13.25086371831756,12.815052915076745,9.291876906265822,8.272270868253916,5.969588023289171,7.497172255031547,11.459822985765749,10.630683717801308,10.987307130612177,6.308840729351677,9.208368759794672,12.734545612564165,9.807945189361293,7.4554105307520295,9.776795338314198,8.4579651632695,10.667358119890794,10.04109075777543,11.086593328164582,7.564152746469775,9.102566862669802,12.180868682798218,7.291439891129037,7.993775967920043,10.398594619984127,10.573459678167582,9.02230031451446,9.4431342347223,11.066451123111284,11.699270003519736,7.861556669420482,10.7286390412559,Heart
13.024032000011445,9.768215877277735,7.840321692422962,7.747816182345567,9.678525117376273,12.071694609735237,9.918488300306757,10.378463959811855,8.007316635652392,11.966235265953095,7.70868285766929,8.991007031456734,11.259829724092588,5.921137003360136,10.347922299371415,7.921852867216438,10.033098797818226,9.295888784576126,14.211669650696976,9.213757621600188,13.685302745766684,11.173904582366749,8.397082058540544,10.661621850519513,9.391180507324377,10.484314981482468,8.572218025133466,13.380355266691915,11.850796181593449,10.063563136323182,13.458229536139068,10.148558488165698,12.19524992972233,10.076601175044848,10.787775189621158,9.837122438114442,10.190602707747875,10.341063720775997,8.660536335023213,9.197862666153824,9.566489967027657,10.459422033604593,9.938841960993065,12.346065067651415,11.694236637959282,9.607344887949255,12.763567794903878,13.746041247150913,5.912347410155766,11.864580170132559,Heart
8.614031605337003,11.601496042646598,12.476475881292863,8.246014810978895,6.2953458019684785,11.67086817643173,10.270804964967223,6.663122492194743,15.059129010925645,11.248838824513104,11.340200080250305,12.731635505124096,8.838352094306996,10.260908224177353,7.361356172440474,8.784103105429631,10.771320000938475,6.669430665735096,8.727420908643838,8.144132080124558,10.28418449124069,11.149402523330696,11.484305608752914,11.997633289556301,12.744233693144743,11.214490907366812,13.77467179778883,10.239005042529364,9.653357691498904,11.21461472672008,9.567177650014823,13.705129457550099,12.261966946270423,11.500556288399029,10.262838688082702,9.185045657170274,11.40265000913552,7.745805096306082,13.06872706688204,9.644726589229252,10.610213466481458,8.180797847613423,11.445972526238442,9.092516774323343,11.298457580610197,11.514786937954778,8.70473577282292,7.75294175817201,13.063799833089089,9.615401931941836,Heart
10.449697632091276,10.970929049293485,7.492599740203559,10.925332273639775,10.198253072309274,8.712938604591217,7.686928030324541,11.21177109591454,12.255424016389759,10.357181034785606,7.131069316300627,7.8853343656505395,9.135752581351893,13.1292394823215,9.506498675802248,9.0628621544036,6.65303040064777,8.686630419779778,7.53412729201834,7.9936403381544,10.239901360317486,9.197671588777645,13.39898890534269,12.156006745414953,8.782232124379323,8.16636431651897,12.765283871328386,13.320084978966966,5.611503512908936,10.185715247943403,9.496243384206545,11.298240280119874,13.885336248323007,9.031885961344404,5.878602970672172,11.158015400298527,12.779928137208405,9.39248043696045,8.589925039720677,9.125481189244601,11.70041073426247,9.091078117430039,10.657520600685691,10.05560583147988,9.849240775154469,11.402584653504466,9.04284020027161,9.138826879635442,11.595205699999507,8.026149351662696,Heart
8.239559618355345,7.479371417312813,11.698021826553106,9.789526063837465,7.372769707841867,11.707617124618137,8.888915676849129,8.256643842326229,9.608642882246096,12.957447218935783,9.210075607006859,11.15067772823117,11.454160040901908,10.886546596012812,12.542143299348524,8.585767990735443,7.913330313899328,7.874066687950011,9.711063169400413,8.105906684318942,10.295081823730657,10.153976839449786,12.037146606372081,10.58228861647208,9.167696288277103,10.821698408865366,7.939611960204118,9.923718623951366,10.638802467191162,10.258635196300252,10.830130189871968,8.711907968574417,12.304062805619033,13.644337898791413,6.794647710282812,7.5688040080915036,10.086166016048772,9.486898038894251,13.792824811545565,10.439568646848922,12.785090507451915,5.9017522270928,11.628338966664703,8.568966361483358,8.536914860760685,9.503283947175753,7.1508327205378155,10.885571050643705,10.381429933433589,10.53238449637454,Heart
12.144073722567489,11.575582060197696,10.096163079955529,12.154961037037726,12.515505080285502,9.516478849036751,12.668352834489795,11.689481902350503,8.184384884245219,10.279229978440997,11.172788933156712,15.775375314680382,13.113106249067517,9.329036861800217,12.972072578835274,8.90539202212327,14.165382107774146,11.057750696364243,11.812727622521658,14.65159329508438,9.425672862831501,9.205763629774017,10.83280134730799,14.076757702038634,8.961307849046316,6.335688803778862,11.097682283182003,13.10348159982184,14.400523499477659,11.073677275829201,11.177146785767995,14.307801468511494,8.260516600609158,11.222958449633982,12.380847779850116,12.898437442570069,10.980386613618235,12.068882023411682,7.023345293174021,10.683503175332303,12.907017425108934,10.035411931490641,12.117968443179194,12.893745001605396,11.31490159828447,12.340927541993143,10.074534869430776,11.586777440607907,13.220432339178444,12.313945921936869,Lung
10.826937460872129,12.448432808581586,13.429219581273236,7.900117442845044,14.318148129911796,11.327490522637856,12.850979866480461,14.394493847290455,9.256652605539069,10.581117995144908,11.42290260824859,10.432492957751144,15.469873151673617,10.286455812346414,10.888906441026267,12.408778063205954,9.595700947847822,11.208638576487472,12.63490652250035,11.334279191234977,11.813226282200104,10.941335775103258,8.971059381638465,12.643186422678477,15.509866143294483,12.036803261566876,12.4505282344951,13.385445510233719,9.461339006906602,15.405029316259212,12.404657592845604,15.263713798178218,10.533934008952022,15.63612384511565,13.550310988069565,13.106080171704717,12.468048908706296,11.5029427638511,14.401063316947745,12.280719739696094,8.065860592825695,9.765627076585995,11.628308495614505,12.61999796633111,11.886823022200208,14.437941579587326,8.09779627192275,12.28717587301032,8.364041549225691,13.519424590968336,Lung
11.811082571115994,12.839219944048237,10.272234078820468,14.558929863315502,14.083449328117702,13.167088606023775,11.740965506273119,13.159714570590264,10.586214864025303,13.711111318041425,15.298961788647842,14.141221119958372,10.54079506038518,12.722834634546206,9.413716912482705,13.144780622351352,12.901206825725078,8.260367320935671,9.676432312175272,11.433722206512465,11.398280505718347,9.58104612916239,12.777957458704368,12.502947217881024,11.611461736042962,10.488416999683274,14.097414252833127,15.310814226176591,11.032877032306926,10.775666165690359,12.982415330823992,11.283941240506028,11.721205598673532,13.479306303449343,8.181287824985414,14.636604649705339,12.145361048658682,11.17701371087564,11.821531691557102,11.924858710041038,8.537597393110149,14.989876454906472,12.082651264541237,12.886004260894751,13.903099541148086,9.9576750848794,12.946943798070457,11.464717818202413,13.693541550432988,7.745545159297009,Lung
11.801811399517462,10.794358688432077,12.86452590126831,12.940088374736405,10.584748210355947,10.575652271647913,11.77866926288534,10.206715545369583,13.683967390904254,11.261585599105107,6.186023561356717,11.250355886756388,9.922912358312056,8.737448369078109,9.525146723554855,12.21881694366594,14.657281656496462,12.62636894772996,10.78699322356852,12.911808390341406,11.081819379562017,10.61079926167371,9.691274663534031,8.496342386496561,11.22015258688111,12.316106979840264,11.80675265997022,11.168066144105282,10.108507878606439,13.216492383369937,9.365736160106831,13.552055827686951,9.99556596214655,10.49512952529393,9.066429618768646,10.997195706228727,13.950624916955958,13.031256176887913,13.95684422405607,13.044285091867872,9.79266034293926,11.338421551344885,10.439601741765074,14.66114980807808,9.606422707147377,13.787395378778221,13.785907740217539,15.659240403432175,11.180626814741006,13.424644319160324,Lung
16.563303673077684,10.764716646132607,8.929919504935281,8.239979932184472,13.425424057722662,8.233699583882832,11.255361894124155,12.874626374077922,12.370351073659828,12.850889728368344,12.444579711601708,14.557731626626786,10.095367238522407,10.646009723082937,10.454681109458352,13.66038362372522,13.800797176790127,12.902450638637017,14.366987333779855,9.643918265247239,15.334448223102275,15.046477243424516,13.471243994491493,15.56359781754212,8.686753584644453,10.951103727474695,10.529393078636096,13.442958647514686,9.899718520795709,13.51499029867497,14.741072287993427,13.390405800167999,12.567502047323002,10.024253318198502,10.306298067749271,14.499237810593334,13.558698007810666,11.921960961244912,11.164180908468218,7.948384253777246,9.858295162631123,15.822838174279447,9.439088857995067,12.378959642442162,14.014887946390397,9.490154663995416,12.369420949562167,13.87583107502131,12.0249986438145,17.736806111333536,Lung
8.662801482243609,14.117457059767759,11.654396525207071,13.54384030967335,12.882614303398492,10.533687605780006,12.45799278491868,8.284197097203425,13.206495001142788,12.59631693198105,13.277320337286206,14.1162366501743,12.735239680419422,12.296178839596552,10.237863326677415,10.575558472701898,14.373469240354662,14.872670811411957,11.523779127375892,12.092005494506548,10.190771250012467,14.34551369053489,13.330833647383557,15.882434872927497,10.243353845640522,11.243984201963565,12.462891845051145,13.292979075451541,11.568664724904735,10.254077819092599,13.762815057847142,13.442270725091163,10.16745179887255,14.710885602210992,14.340397418393207,12.268592994495586,12.159195724752072,13.108115542231815,10.276593859487484,12.060062958328164,7.695232910781639,13.752911291005871,8.877013555116282,15.006839656857998,11.339759812067099,11.576666036137647,10.74453218783099,11.423922252155847,14.837062690296072,7.024382686929841,Lung
14.553930772176376,12.676046962203417,9.585956704285568,9.849375213901524,15.352786054416406,10.108986240114538,9.69329897880808,14.274629084729458,12.677105752571828,10.124148846927202,12.433249950809238,9.948494632719445,14.20164279684521,14.122741929746267,13.064012397643886,12.723322122494032,15.522376249734748,11.999372654776451,9.636251749158397,12.898947825664614,16.17209409907423,9.970481013628296,11.277074466612028,12.832892076202905,11.892190301988522,10.035392839245372,14.243715712460942,16.640081444034518,12.392262918047814,10.191863420528,8.902078949893049,12.515951962442362,14.207754686632516,12.950335492990764,11.995192318162292,10.821456696421388,9.81567273456382,13.669502652649765,13.82754324277117,8.908540426618533,15.179677956361367,13.148142441788004,14.799189290291586,9.31574450302977,9.268351689169123,11.702061380465405,13.005568853790388,15.592721645853928,13.412157827630264,11.514637446375934,Lung
9.947261584668215,14.4600011454383,10.07058914849857,15.256937109544644,11.431230700786982,15.181164145235702,13.357862580118557,11.726009021115084,10.961207256347747,11.31818424530784,12.856633384750475,12.154312992435434,10.81237718386259,11.668737179364735,12.1571540594383,7.742531811170376,12.916336229577396,10.040557550566387,9.69333519358851,8.62531130577858,8.412215004264219,9.289104993775421,10.58195808473902,15.906518275053136,10.948240648209593,12.355500212536063,12.800962773012657,12.262130372431697,11.845113078548012,9.60941247280151,14.901855096558425,15.614393287275771,8.634682611754629,9.951942818227241,11.440379315245988,10.070924410179618,13.01193110691173,10.543455595186774,16.330112135613206,14.381097188687193,12.42514806126443,14.053972526639464,14.211800848714617,10.872105023883513,10.367565510916071,12.156286125939294,13.723272248995888,12.278120797306835,8.846007035618005,10.394351112098315,Lung
11.852054272811245,11.84866879134834,15.945084353579617,9.228024115202004,13.011178483671749,14.97822621665658,16.542899490845592,11.191205153632078,12.9828589054404,13.139520714397294,12.390963463106582,11.802309597521388,12.871950779000091,6.935507829560629,13.364138980125263,12.252355807323934,11.55505020644347,16.093724391439117,10.650131962418895,11.193848021869938,15.983106604409468,10.335877390300286,10.899769434126922,11.7059491531383,13.681468964259098,12.415605014706626,9.414749305695475,10.93566287374562,10.785291133575576,11.845557909553909,12.851687317259659,12.836411511775944,8.447976491903196,14.127881975121712,12.505137691993246,14.769064095187812,12.888396654581344,14.202645915471525,12.933090622900254,14.692451512405496,13.044501272035557,11.804169507114192,16.544869440893763,13.778074244559784,13.147488842008826,9.447391166923328,9.423384765072925,12.585430964283706,12.291042395536481,10.771754869983369,Lung
12.28196539922412,15.17725385608719,13.390804949100598,9.717982980494524,11.776982345714112,10.390067038294879,11.224600167182878,11.172768668740714,11.04470883479199,9.48972925605321,11.74469063696362,10.87878472630538,6.141102619995464,16.105944049003327,14.177539308433344,11.247398550150008,12.037638099481196,9.656691305364877,15.391445755621731,15.794577389546223,12.31338745649305,14.047061288370688,12.350573557867847,9.326549122248139,11.176353262072686,12.263855933543914,11.090904562513112,11.562693445129929,11.817200884981771,11.838243004269078,12.104516980994966,9.878789867206798,10.565967701744128,9.430831468600061,13.9556310993724,7.788706116319351,14.307180686633851,14.772698794525686,11.395638826034757,6.793725824345403,11.27737887606542,11.87163167742236,9.978803560142174,10.969563212383514,15.060390397726703,13.329854324603481,10.1508717712438,8.804801660809137,11.345965364780458,11.573086441299123,Lung
12.992398374726633,10.929366574864682,13.022999150723724,15.87030808012046,13.631002044888525,11.903822985338454,11.633699057893411,11.286653731640257,14.361281824904289,10.745373108097395,12.090445417999964,12.102395803762171,10.996431614376936,9.255068904231798,12.645949007235336,11.877992056289234,13.000480938873139,10.932799387121666,14.441642597626096,10.24645243757631,15.424080568035786,8.504726980343477,12.869540129113782,12.950861365053246,10.408885864118236,12.848787875722024,14.559037339520318,7.566362321291871,13.005489614981629,7.013458359339845,10.068670392953583,15.25833272980189,10.836435933215892,9.652240071182055,11.604124542030636,16.135812676327106,8.336635505587948,9.897380176721311,14.994863366359253,15.715404687075464,11.793137551419433,9.521894594946716,16.19168700361832,15.188884783498393,13.357893975524465,10.37519530212516,11.901941318323926,11.679279837910338,12.661702609231156,14.902002876262673,Lung
13.758834082274806,9.845247846030484,14.752992900039075,12.62626428002631,13.374131591717832,14.933081718557206,9.776839500972898,11.928348842587074,10.93709089728157,8.864281149269088,12.69341995520984,17.023113103168846,8.319844510988494,11.935438777901059,13.281085870149546,12.246156403312362,11.773743894968518,9.401567273108352,12.465573485880327,10.486472045968148,7.620156590042893,14.389184441027462,13.916771639684084,12.10332195370216,12.458149376411406,14.148636025431124,12.448679313556164,13.80803510952263,11.405035598252299,14.623967477147893,12.641571451865367,12.388103887211749,9.459877822575937,12.573911708603417,10.336090165011097,10.723434546943011,10.369248743367757,9.86753013620155,16.249542806033922,14.662678123976807,15.840735004288522,9.554209960888873,12.142507499821784,9.412984749591809,10.608610245605872,10.16374603316685,14.479168012883123,11.20754064379648,14.136758667388033,13.208241779177037,Lung
16.607277504209577,9.041111553720551,14.518466479573597,14.292881740801455,10.05324232394593,14.01426667294632,12.672289926052457,11.545047480093185,10.352129026056001,10.561781097101628,16.099624191571852,12.001365637914965,13.564260003062918,10.418201236664894,10.440294107556722,14.163969618499884,9.300847576896935,11.169572464189457,12.068054822144465,12.222745203680105,11.641813429967687,12.791639562191847,13.385711511635623,13.46927509091866,10.028392382664347,11.431689804142406,14.389525723753875,13.789294375147744,9.254281097037872,12.702959800704404,8.043549501250379,12.09386980412074,15.795534033491954,10.104214565462028,10.331353909016835,13.52805956314572,8.914396969580707,10.734489940229922,13.192882275163505,10.731428304621193,11.528060025578057,13.488371420630068,12.843092167073122,12.533636792590803,11.321755441459922,12.74012223053791,11.752534639800487,12.91561121985157,11.006135949764044,11.634862051240917,Lung
10.020084414895972,11.929984779987528,10.37799827274231,9.771907099676014,12.517322295710777,12.42547955171532,13.565747469897145,11.137748860849802,12.816105693673512,13.101595144547327,12.88954761566319,10.348692634395716,12.298726964542379,12.728280592109323,12.014356933815884,7.827044683257831,12.32097924794696,16.425062078794483,11.279921462486035,10.543845804289358,12.746697119422796,12.624756420933144,14.38547033083283,9.484263688182224,13.462760505149985,13.180844122502927,11.715706926118909,12.67737463584338,14.058914963196715,13.7446307600569,9.713961375852543,13.640316373510968,11.870622789934963,12.14574819603103,12.146393982003389,11.69951402240348,14.38341499421413,11.832564080301577,9.760907743233663,11.212940288060542,12.357389433620952,14.4584295685941,13.206189369897666,10.298929442505912,16.970379833357782,12.52955062195596,14.55078147599803,11.696571132845541,13.0667184894109,13.67893700903681,Lung
14.436389423508512,14.11473661075645,13.744394000145956,11.369826537611782,10.856507916087878,12.665215020648395,13.866256144682138,11.554558598446786,14.130343931428772,14.905233490972359,10.16735816185316,10.32615859240744,11.719249882189327,12.615225336378392,10.950865972465898,14.704405357734288,12.848133723036902,12.078894096481479,9.128180952262944,9.368368367144985,12.562018500563612,7.734808747690328,14.025274819288143,11.68369231125536,18.48618593918947,16.61583250123222,11.637101861504966,11.78732599493737,13.99116302800406,15.406345219836076,8.723941885127967,8.427249069290626,10.755930388891237,13.16547516634773,12.993747181015195,14.1395429099677,9.600604943269383,7.367712274062247,13.71602839060429,10.34360745406953,7.963024271222724,12.290127491918764,13.586351376437355,11.755885735757445,11.084303227635022,11.681275535708187,11.258834475198434,9.303905776119667,10.570638646019136,13.04255981002763,Lung
12.643357082753,12.33611961193364,10.00970303629324,11.636993675728666,7.645869907114291,12.35695332777078,14.857715415627135,9.051735735915788,10.82814465336449,12.65821355742026,14.505685268854968,11.103550767399701,10.615499341468208,8.062153715167835,12.206876258616212,16.084152080287488,12.554716923929352,11.955442041632573,12.644164621533971,11.977815992102796,10.37397125547974,13.646559831355411,12.451523046223508,12.035226503867314,10.0492679454435,14.607015863869519,13.32940549066622,10.894158325265396,14.003649707363873,11.004858323229586,10.435993014977926,10.480593765039426,8.457862893823817,12.943084760836411,8.3377102433233,9.543112337468475,7.8488239818429335,11.827860614418213,11.699359079456256,11.346607573627272,9.914844610658847,9.65553249312672,12.928739727093149,10.898896136583025,12.632716643072289,10.229502627751556,12.362125485542165,14.606556074632127,13.172331600785567,11.17517236356704,Lung
12.514397940711854,11.518669650939573,12.015760369389456,11.348777895702993,11.671329588229218,12.424186706148351,10.0132826008361,9.968242346020043,9.222914892337577,8.79945779099258,9.565434615559042,12.318925013608258,10.214424969016232,13.027228928462193,12.069427497505124,8.062991573123892,13.30995116844338,13.62159729118342,10.012274650330294,12.840383085789984,10.287003525181602,12.195340753496671,9.47100318609007,8.413787094930846,11.234365620774062,11.752542107450328,11.204640612770792,9.63193888355488,11.200201875737726,12.538589505161468,11.910213939754925,12.365002061198426,10.659769599091534,14.34343582943232,9.647653326890438,12.975120594173438,14.363782185919924,12.96181618549779,11.59495154587034,10.943405906674041,14.072175302092512,9.154050149476653,10.059751479240713,11.204884469016557,14.475307515023996,12.759535272081791,10.06390848297951,11.379384589230193,10.77135371180741,10.58042201553293,Lung
13.957779117113558,9.25651374147299,15.217561711468747,13.656459380369245,14.181723341207396,11.074120975949484,11.700118561841782,9.133696370950576,10.950675185866395,12.987309695286301,14.592126123562792,9.785686366395097,11.268988126029468,11.697401559534955,9.208421595615029,13.1826984835168,10.552019336514782,11.609219297645952,11.096101256176244,10.421322988560652,11.985910029038891,11.568780842863955,11.256284235442669,10.543076756639314,12.639049341565912,15.30723453698457,12.279774465678255,13.992236429822258,9.219556149693075,12.315522878587538,9.805263362057866,9.046150144936197,10.521257185081927,14.383798668827145,13.90003165733929,12.486009444108799,8.934598880220138,11.607438697224126,12.603400017803471,12.351072459157196,8.312412833038508,10.219364303960257,11.871844471702566,13.07258181903438,7.607744357800107,11.675752049040284,12.286097539757904,13.699223977032426,13.385715168474874,13.16514263761761,Lung
10.400118986596132,8.183995725753384,11.213894485877198,14.00326365041712,14.786909055048863,13.421098204595571,12.858681645603468,12.75927929677193,10.887762506478438,11.73987941289276,15.338139051652663,10.114883988416247,15.229557581419703,11.355943691015883,14.650864218190158,9.186369981004923,13.171808402329297,10.526459728104756,9.169465616151625,12.437068084821892,14.018943577191937,10.310117122813008,9.001968079083198,11.81631047133009,11.825129342445639,13.096639255108997,13.899189142728977,11.881169637455011,15.711006629588526,12.448469489070584,11.3071469879862,8.776865281794343,11.474680959367664,11.327226109177728,13.92060959256294,12.924967248133708,9.641261756734766,12.344508772822074,13.343062343458106,15.056062718775665,13.77500793482812,13.521693308622956,12.120171989230327,12.776624010846898,14.499009801412317,9.334445205040701,11.301121345566088,10.454862502487519,12.75830623745225,14.460444351301575,Lung
10.806051426557852,7.219391265061124,11.17555850995106,13.826947464034813,13.075259805899758,12.856372495621152,11.440013396251041,9.441938527560428,13.030588643248935,10.33143637993075,16.368193466760914,13.141014416709032,10.838703394892098,10.777229505222744,11.814111586772823,11.520996155956501,14.23366755105991,12.372832339488093,10.536736522182943,15.780881370311565,12.098616663040445,13.537679351937793,10.783546985110481,12.726231255489047,12.62221998228639,8.220701415807694,16.03055022092128,14.581288921845093,11.205609367708025,9.795460519088289,12.695123227607104,12.173395398828793,12.711337897126459,12.38315479238818,13.012481978611852,14.894611398783614,13.136206410257293,9.900689002180117,14.725125705424905,15.281229126976575,18.30411346902417,9.753011933520805,12.48576402630055,7.8358025936220255,13.106298312758419,10.903599403666455,15.846891589649907,10.450770059962837,8.621633924065478,11.057472518594961,Lung
8.508669448081193,10.723269325944292,11.017804110781054,7.095129538419199,9.307097276641482,9.285007645152332,10.699238934901409,8.112283299101327,7.804479334447143,9.337999320622307,11.362718446507145,6.6012457691801325,6.9503876933257445,7.958990184058823,8.314845855836895,5.46883439512497,11.996390573830295,8.739386817301776,8.439790951640058,12.245275076070834,10.435586990247625,7.929156245333303,9.32921569061631,8.916525735247042,11.896701713858553,8.665151596632814,6.11588091628358,5.2455517863894086,11.950322694813377,7.4227706044747395,10.340423311266619,9.143526861430104,8.166690424243486,8.480305165993748,12.166755763059065,6.10387314271375,8.22708953848815,10.813131521367403,6.433709983107487,11.63456561555517,10.784499431507252,9.543591370264673,7.993686191451465,6.176867689632086,10.414091788268141,14.497289868967774,9.291785071833717,5.347909178536199,9.915032980253494,10.720525942802391,Kidney
7.164295136208126,7.708976147821208,7.505243542507416,7.937272266272622,8.655673771443908,7.2781977830129945,6.52832451729555,9.348750771350034,8.6346759202726,8.127516459766367,9.166379433443028,5.959648588883112,9.52640584599352,8.168623599420874,9.478978936225559,9.799298210837936,11.262302556572354,9.205908833977823,11.133437660108653,8.35617371773982,8.451644973271152,8.81814365435265,10.548249801356423,10.261918154045826,9.270143759723588,6.544529316790957,10.226118351532651,7.277190730434058,7.16820521240056,6.723029820124634,8.833662578395929,11.423448596941375,7.069278911239572,12.357151906348175,10.819620444907144,6.070795873498751,8.234449635643358,6.91949946601839,10.329910915471432,7.023673304659182,5.757761045887641,8.348548446525824,11.338788147392517,8.614967552314893,9.796887726713363,9.874462195094083,5.975448814517851,7.201251745690692,9.012928374395194,7.885290032689223,Kidney
12.408909100788316,6.54335520983822,7.181479793534299,9.581088518959492,7.744213324433421,3.2163348020995866,12.869362458827634,6.851389227547026,10.121785445363612,6.493217657551691,7.27393018583402,5.754133994637524,7.51761319947384,7.711436365102902,8.734868645310206,8.254862315247102,6.116960346072344,7.952200343312146,11.894021333549613,11.656781090823625,9.91137405782938,10.326198493480346,13.121645602270693,10.142495319176994,10.288379721075101,5.8708339477729155,6.774738877523722,8.934619365997595,7.3851155498515055,7.004089425953657,7.2350819035355025,6.152858715637745,7.417231027835896,9.678871109621797,12.59264785296937,10.593964365427238,10.272310970078872,5.752933231203189,9.238593410044034,8.86608019340572,9.581482193902357,8.278625061045082,12.324153482029336,9.105551032595645,9.300446709873745,5.075119550306299,8.786648636111359,11.298518700061269,10.111151216282071,4.688818120513783,Kidney
8.100649853707552,12.463798934726007,8.698718559436951,9.644831965422254,12.238018574574603,8.690771716906188,10.582059719915806,9.822791754316722,10.250297727020785,9.75843131366694,7.904740242970427,8.10440489715466,7.29084763926335,5.720581762259422,11.489059821353287,9.020165933762419,11.388320365048916,12.130745349169299,9.106834961819088,6.3730217366187505,8.607623708295067,7.657712786473757,5.039699081890025,7.996542190142243,8.856925575870974,7.713351208470691,7.456909826097026,6.44492835573409,9.391844296708555,12.738538566432482,11.557247776102296,10.30725377597393,10.350818237862082,8.73471371148175,5.390973641425919,8.2611366210786,7.0614446253356995,9.309393498690646,11.46642940787751,12.94681918049692,9.129242062361064,5.665687325645289,9.125352100323957,9.179712325826765,10.357687741052397,8.961608899198339,9.133036547921359,7.735878484225882,8.376196033782243,10.026464853630365,Kidney
4.983032567712999,8.36542286867235,10.37579993599182,12.281457882011068,8.203327111739526,11.370739561647575,12.380047690835887,8.229235197874644,7.883582934336361,8.635851059816147,8.836096429873809,11.181645335711039,7.452549640980808,12.076130872210939,7.398484894547564,6.471150160764873,10.047554423117358,11.461120857738413,9.357310962025826,9.870168795932548,12.908594476050624,11.489305563070602,9.061850835564998,8.137706233636125,11.190117732962772,10.658567826851774,9.837153365320166,8.345972628013023,8.847220727466333,8.704960870763887,8.37926243283741,7.7977037268080345,9.530397271896604,7.707369408461313,9.354758341828935,4.8002535355619065,7.8002516627983685,11.196658401388095,7.199141549071021,10.184203922086287,7.365432499933846,10.55157131358644,8.405782105602917,8.326706791269428,9.108702957094033,6.313146065756609,10.944181637512921,11.606866883031474,8.279937006010085,10.048408341803093,Kidney
10.557821360424114,8.817484895336744,6.783505694564269,12.18816426390369,8.214956590142403,7.78173046157238,12.277583862667852,10.220117535112408,9.514860152116027,7.058478673194899,10.605608116426442,14.793037211039492,10.761015327757079,9.99217699258513,10.442185592972193,8.343769333662916,8.324698540813703,8.299109031527568,7.850100089226246,8.295110268447965,8.285785615502162,8.510630982331737,8.454643936839801,9.486023714019401,9.157586036415692,9.334724907023405,12.044595126688964,9.153468477433023,13.421781985601562,9.705379079645224,8.105480818234325,11.699166478093998,8.840945464583603,4.2126316965317425,8.991993716329633,8.501648324112084,12.21309477257667,7.204866629999266,8.334690363843455,11.535278752120917,9.78881706544836,8.657086350053731,7.4870286670539326,9.703491453750061,8.941397713563463,7.464341469585605,7.56830691734427,7.371055771109836,7.014888772472241,10.868067519944672,Kidney
10.598786717240877,10.871348912771586,9.008999097537048,8.514742424399687,8.551235780217327,11.042203145812216,5.359704356008342,7.971027793285155,7.225308744991166,11.719775093176816,8.045084953105764,5.728022329120451,9.446847284493579,8.259771610212171,7.886142384630077,7.679936086548345,7.601030441678386,10.41712062971329,9.447574733115687,8.60406848873894,6.8035222463073275,8.662213353224159,9.521255715200052,9.597308896518982,9.321768765983538,7.154814666344944,4.193646814815962,12.599237520103866,6.380726251782937,5.070084082666123,9.26103122600819,5.582962993538558,7.390402502850229,10.097700851617656,12.545374536948092,9.775023616544754,8.12168145824624,8.897160891186315,5.382828085650194,8.0984957816697,8.10043679214611,9.30665732427436,12.88437922538754,5.126409422535522,8.184644776851027,5.332980912016309,7.993271813498984,7.270795717764013,6.0113073849972,10.826184061059559,Kidney
9.511295407700858,10.591711259308092,7.936692350665011,8.858567048439834,12.18928128243263,8.994559609781774,10.615913098318883,7.765087394566542,10.432034686728521,7.902161280389397,5.207155247880655,8.984834224157916,8.059393714792076,5.750437281205476,9.382985703346348,7.212947030093357,15.185282556925365,6.071115533172665,6.574150115099721,10.739102213295581,8.733956238719822,10.698404618524437,9.760782107795801,7.8353857441376356,6.241815213840736,11.142166161456064,6.423099628821401,10.117811922328322,10.837997514513697,8.746164391940079,8.391704928624394,7.03254779067796,9.925485433408603,2.908142337836776,10.43145267811362,9.238952681951428,8.554368600560636,9.484604549327695,6.2528872161357425,4.174014623848234,9.937150139907923,11.633092344369379,5.521196056126525,6.895039846007174,10.504649786054873,9.717779519893705,14.926216912613416,11.151314937651797,10.670848943786098,7.472422600010235,Kidney
10.049611592781364,11.99082732495074,8.671218469854189,8.765570852525736,9.282707053213866,7.67100263705553,9.537927028246628,9.487944276551362,11.959972826361312,8.621215114978593,10.349457092127013,8.680869436015898,10.279518883564489,8.499883088416205,10.146945973890412,10.456471658176897,6.8666877338843815,11.204750841341202,8.667045226103957,8.060406610747702,7.579983776659956,9.596400556196482,8.990756622192956,9.741614371083372,9.780441568636958,10.217169290700356,14.552568232306117,9.079383514663702,7.530853226854854,4.960373335323532,6.609366403618827,11.47069730150582,10.439849013546214,6.300027906970012,13.928424881998442,9.653528955323017,9.920633439760678,13.48845035987216,12.478911441656425,10.562274951664321,10.65842788165251,10.845570192341734,8.518065736575968,9.573585795088395,10.148640988149426,8.746434811243176,7.069160980568894,8.467739197382665,7.024134784188158,9.128745141744462,Kidney
5.439085695986973,9.682077021015095,5.737451008863671,8.19305388001399,10.008202148961692,10.58229342302506,10.344718417767002,9.639467828947762,6.761453369505016,10.961216709733515,6.807197270989778,11.189151640908651,10.25540951496341,11.717803029479075,9.049736968032594,7.3624717855779584,6.414694951681501,6.636841330854148,5.7264505027859745,10.884005833873129,11.134833906064799,10.107399850513696,8.933918175853442,13.121918872925026,8.803703034071985,9.441833616287786,8.904296973341761,8.323383867073105,10.261948979662195,7.733006621590954,7.59884434697072,10.362938770818708,8.004783266875322,9.266964056150359,8.317343760472946,8.976897403546705,7.653421763066753,7.718822494501813,7.360535756379431,10.686660219722903,9.34376966850266,10.837101647587328,11.050773129087924,8.080171345728653,10.763169968777127,8.971758556133134,8.682652989041497,11.50473419332155,10.107536925630864,8.295151489872545,Kidney
9.977586631053297,6.468574695660822,9.494625962279233,6.000816898283633,7.031200748263634,10.169279396538238,3.65950800514638,12.60502371814951,10.668985441409202,5.322933755020523,13.79699721338646,14.348207784972036,8.639016682020523,7.147021870599513,12.372607148405727,8.312419725119481,9.322079015625707,11.434579467845534,8.692977072413607,8.517891499366664,6.455210045589563,7.738913808523969,8.478460307487863,6.522873621930666,6.704128363581244,9.067202633287978,5.300591708656079,7.241673968757336,12.889187987194045,8.309062705719855,8.058553183592299,8.30010833097032,8.331695237091335,10.149737739676768,10.009732306355602,8.21848317387096,8.572325153724115,11.625546235980119,5.979390491059499,8.884835966902557,9.270493080702463,7.44663427980177,8.769726793017405,7.176647078396233,10.274338141403007,6.3235866889912415,11.124667324840118,8.853389685820884,8.103932281132579,6.990605800691453,Kidney
11.06131559197493,7.696275731932081,6.665502881011034,11.102926638016239,7.191388373010683,8.811035371711025,10.637607551474526,9.315915205561907,12.461703091739947,7.3300992634246445,8.578977326800517,8.733643719464636,10.24246990514799,11.577246255676187,9.147233019257394,8.724672339279431,6.03401626434027,9.22476237959339,7.699399980007093,10.23687262119754,8.180631621563943,8.518723891259858,6.079463970832861,5.3770958324749225,12.721974080367222,9.259367819130553,9.808670955261217,7.1754100736344935,10.751047214357225,10.390279791808721,7.395145611154381,6.880989128309226,7.5349446323454545,8.943434702585776,9.334214006280451,9.076788016477302,11.597460217280407,7.570086299807883,6.826676017942161,9.00019804370364,5.613830368338108,10.391474997021236,9.195926528952253,8.323923918180107,8.212894253501721,10.819991564242466,10.75629587067706,8.507256283173293,10.183537647115758,10.726740923680676,Kidney
9.671052451249425,8.589069960742549,9.762335414981202,6.9218267141412495,9.142211138587852,8.533747488747487,8.220268752413064,5.54695797627314,6.9448044971751415,8.028210351749237,10.790078361277512,9.571646980807975,10.879348496055805,11.48582676480026,9.65861829049899,9.280586821360593,7.054012006629579,12.973342529146619,6.164311856579619,9.23746817641699,10.665598007090765,10.693475155062675,6.689821819121352,8.16019399426482,7.402090455764673,5.03913154086796,9.260653483489923,7.564769207520046,12.010964569422692,10.230348876377345,9.082803900428214,8.054600935258263,9.23023213957135,8.48825236816844,9.139078217786217,12.803271541663937,6.870487689304644,8.662716262703453,10.412776800604448,8.199718316428351,12.16108368121674,10.356918306023676,7.562219169660753,9.408137404549965,7.590782531624398,7.406683371291811,8.719604040580839,11.527522323803563,10.490890079569434,8.954844787005488,Kidney
10.562372389604786,9.537237420831657,6.6602139487494245,8.709724761623379,8.853680808037069,10.523380673851925,7.867058998795807,7.174670848678459,8.908906086426386,7.709150992010894,8.352981560832728,8.838240854217748,8.23391167255109,10.926365485705633,11.828590212008843,10.725821485916429,5.457605669690273,7.716052675396331,8.64269576193561,5.307453481299848,7.248216565701439,8.617140061534899,8.102051837741877,9.017300354617838,6.238343277446091,8.079435298566327,9.303819501453159,9.02040294284974,9.893787155295765,9.777148723995067,8.18578606249167,9.240237766150244,7.400013810609927,8.459543361945425,6.888765056100588,11.130848864552517,8.453011398938536,11.127886892456127,9.62299213737689,7.228675476687537,9.50221319800304,10.61943653017569,8.844838416794973,9.148058704682477,7.897085383289844,9.048206452954695,9.475796377604283,7.842368371762979,6.841408126640691,11.57594099916639,Kidney
10.208241011969482,7.9046837892572315,9.439314514316111,6.042842664654022,5.0458580521792875,11.168266174955601,9.459102280523082,8.904595061030767,9.465314409625906,15.452263317839403,10.738190572490648,6.909119467250386,5.63924721615935,11.109071526718832,10.712191708460015,10.150121535100881,7.374241938201214,9.72657077976795,7.553309662513069,10.325563772041923,10.965313814544682,7.91305448234093,11.263620322430848,9.22970479912542,9.983746424883972,6.380733272618391,9.4644290119098,7.648831225170664,9.949266908028347,11.934325339302525,9.579040418632705,7.198290187133633,10.252932183555172,9.803577491575433,13.117203492800618,9.507935921801886,7.829050017551863,10.541282451292755,8.744643855388812,9.160501979423547,7.143047939248896,8.755130374393174,9.061609394980872,8.743302648526244,7.818225275138357,9.57645826069059,7.153055166316332,6.68201079895201,10.419072341452882,10.235500356174569,Kidney
6.384791038639295,5.340889907135075,6.982515909206863,8.743402011053604,11.308699149531012,8.69451086437496,7.461277902543937,9.297172458166122,8.771967769500838,6.237985385094005,6.249874230162577,6.303604995769414,13.959703069815873,10.719962880547227,7.812567882929275,11.216533645657863,7.8638874246770705,11.15036079394746,9.160612914138909,7.682297500405406,10.35964069165794,9.27503914544737,9.796535544358651,9.431014046368217,9.410029545741857,10.601107776173489,14.167613697635336,11.497583801099116,9.43929032056609,8.378786170200854,8.598530163996017,6.487741410779101,10.329087085106433,6.970154616683315,8.255091375901474,10.340697405803999,8.525349392406948,8.015424018941495,6.605038627788714,11.410653464609622,7.333556269094242,7.828248346104102,5.416541160332278,8.9602779043842,8.333410227276882,9.363715833936826,6.650736646084853,10.468361587070271,5.321578894307768,8.815645000035188,Kidney
9.230976566279168,9.11554801341217,9.315509742320534,10.577343368521733,11.6493974099461,8.688784143374118,7.064314729720773,10.121434564585513,8.439521230511618,11.52923942324436,7.796066771255749,7.283978222734438,9.287587501905353,5.5191644175260155,8.065142572483433,8.340318846783303,9.440944641545364,7.007455807459602,7.240999055464097,11.3138273813928,8.973077090828696,10.729274367805921,7.916425197233075,8.891098075158249,9.429068854058427,12.495109815246526,8.564763639657038,8.667462212559244,11.196306055473476,8.240377123029825,9.569258383345508,11.021918412838064,7.848316256602119,9.680924892967314,12.491101420290025,10.842636097676307,9.569866139369623,8.551357376334733,7.791363437450324,7.023628153528385,12.019247919931356,11.63094209074,7.6857710449188446,9.675373996156278,9.222652997012622,11.368830922648147,9.7656023966027,8.954362478539304,7.916628795408639,9.681735690251655,Kidney
8.303634858074759,9.441369890259683,8.848057841083373,8.255016240259707,7.054518452736362,10.028390505494603,9.085140682758066,12.574841710932855,6.935310323244782,10.250596384465982,8.834707063946718,13.199516796653116,10.097943834122933,9.649377163270168,8.83979513005236,7.593757890668761,9.62278558528186,6.235394781726477,6.327431822830058,11.024876873658991,5.47575172191187,8.360852883418325,6.901747017482083,8.195058615220674,9.369090604678693,10.969110581928344,11.435267179465441,7.162093561682356,8.06807612674647,17.105100244423912,8.499970628129276,7.23557840800819,7.568398474517123,8.51172016738134,8.214525274423082,8.53125975361026,8.957146892546872,8.943184275413671,7.089027005457612,9.738662042312262,9.242093899761368,9.993163341099851,5.571091892549687,9.313688487382956,5.028807368195967,8.64885821104684,10.315872585506153,11.091558303204732,9.66892012819401,10.350781470585979,Kidney
8.401990075835082,7.981664460150076,14.385516325047453,10.654320623730422,6.654032297069213,5.530672156934019,8.06986110187285,11.383737012617331,9.097478308057536,4.551960355277429,8.645413153620185,8.995196899502897,4.168665241069039,9.04833230410038,6.973263984817352,5.3289071784233695,12.209015160330804,6.884795598430144,7.665430529087438,7.638834227866644,9.004477501848605,12.532621214111748,6.6076262595281365,8.38639297110281,9.241723758052796,7.262416505680989,8.354227190842787,10.188999613499114,7.488590026587015,8.32271498253964,8.137292146161428,8.792386637731326,9.486303429246485,10.173121536213758,12.875108603924676,3.6830471362915764,8.665217321589116,6.271127855515614,8.229259998698192,10.761734661388155,11.395585044284756,11.489429153636816,11.470585029700848,8.652129856759144,11.797060549414326,12.193699589211684,9.27760090908302,11.354473203135127,9.082474037033156,11.820465031101758,Kidney
8.676673525272884,7.7809590366136305,6.760017139456767,8.652741933524698,9.168776388656605,7.108294677248092,8.499783082008683,7.946901381158468,6.846048907338982,11.071769323107167,11.423807206211569,11.062865356584618,8.831688418757,8.955234389216255,6.8736532885213,9.829265790482676,9.339263412371242,14.68789479305136,11.174204724031487,9.63048985314171,8.91678137801335,11.002613074154452,7.168522659238956,11.279275624028063,6.825712999525402,7.876952285570537,5.323641001191081,10.228152446098184,9.49985805252638,7.877033950467952,7.141722418048363,11.757444453400135,8.73279212479366,7.4654092509588486,12.843865927236049,7.685874161716575,11.277234142907572,6.698018871978853,8.290107539586055,10.004582450764772,8.884326100791949,9.487526043026106,7.922330307951991,5.804407696200812,11.93115276872942,8.044343245251861,9.578024911064677,10.403914983264652,9.617516408622786,7.582817466123569,Kidney
9.377304225774605,12.455606866902693,9.653632321207652,9.346674483099626,10.11423568110235,10.569650557247273,8.889110414269997,10.043731484364445,11.574645011293047,10.259079278412093,10.08556580424864,10.98836042856159,11.333412121717219,9.874768362774155,9.051637885843702,10.37840660694847,6.812072540353402,9.57935600899229,5.0568801833714785,6.648416433126998,6.347628301166578,12.094703484906102,10.02796363193865,7.47590195356733,10.982132086890713,11.977308958733037,11.016971112294748,9.622579743014828,10.464973236838734,11.802993066285465,9.061508324674689,10.059733846515652,9.485613910787137,6.7731682946950285,11.833136361288604,14.11454372998802,8.25241075751762,11.925360469772599,8.316012440476799,10.26557563015413,13.016024547579553,8.959122029215777,9.970627171216252,6.396994006983847,8.671591312107537,6.187455355998589,10.858356239749996,11.663275117903154,9.556730226858392,10.571773934513585,Muscle
9.348539089499106,11.481090731748873,10.258923870250397,6.0286732883928815,11.87996163618564,9.220914410833693,7.459241057583191,9.122132055311994,6.195860702907121,7.500221377521914,10.285899220230778,10.453423372681133,10.612877668510336,10.006419735526995,8.614269753055977,9.89108172107887,9.125585106104229,6.748436803849632,8.455170017978825,11.77908246233805,13.176588304109888,11.302550088237377,13.087395521984828,10.170777220269917,13.484752169405079,14.10897688065716,6.5330610039276245,10.442986614265665,10.172860378175084,9.151792368831803,10.983831076302774,10.082250137283754,8.529102159215913,9.946789789926036,12.40918915873678,10.36507619376535,11.253909496512264,9.445893799441818,10.90412802030323,7.58157093903364,9.000559001160415,9.794662782868144,7.447328158746925,8.339566562215456,10.626223537147784,10.259663832576065,11.612730849315417,8.798977963629673,10.115204452010483,8.656265178232344,Muscle
11.412257098218653,12.381492232050494,10.966649654505606,12.122388552553165,10.064999725775724,11.611187669990352,10.15083548522492,7.950143866828464,10.493442777397213,8.009406612418982,14.67825790313782,9.33182368244933,11.290075710897995,9.97517356094881,7.532773151928188,6.2029539398708575,11.498027910148263,13.09868185354212,8.530392585579284,6.686614960880819,9.349674535156751,8.125765909522533,8.699368640275814,11.22074739945057,9.899073905194324,8.340984882235965,11.17700157252239,11.333744690151581,9.325885027910749,10.27583304183612,11.041003766153949,10.852206261966794,10.081228173931066,12.865172236450592,11.165361626030371,9.098641967004534,9.110661864602191,8.883827299726653,11.264241894455623,8.754504879996187,9.150201821594386,12.116044776231625,10.383263924134779,12.397065254242374,11.596119746704684,7.646656341859874,9.795733883518597,11.979898079937085,7.555647869697975,10.839421640717353,Muscle
9.921527052602512,6.490422515755226,10.239318609037866,8.325063967746935,7.664696435767148,10.018281351645266,6.138294121493987,8.651419414830235,15.102348505005295,11.300444786813886,8.237150187665293,12.808331880200793,8.015912878445732,8.892609693729055,7.702297180141423,10.512159757332041,12.737259244194256,8.001987534880287,5.879113925181822,12.18193334903884,13.107601002175361,6.0098390671705335,10.920108682892888,10.453010704230577,8.42504939022449,7.211288666661535,11.983500690893111,10.35814106291439,10.508852914853442,8.756461294333597,8.396181591100085,5.090052917452107,9.54394394043024,12.877652758908445,8.219491159902693,6.955170611466521,10.871329132914004,11.240159996892672,8.828188078637648,9.302471070600717,10.527806234437517,9.688901062741346,12.000258671507964,14.87448515184844,6.581672889619089,12.45951026111596,10.210519402046668,12.776401877708322,11.448709022531359,10.122312919871423,Muscle
11.520045884882068,9.211688457630405,8.451397155790291,11.621726231196698,8.311343102420992,11.284745183283135,10.061495166174998,5.341116697754848,8.85123509907412,10.669676390049244,9.187998672183015,4.906535776475629,12.641500255652321,10.338750102543223,10.887478582539611,9.053447695643513,11.062979376293315,13.669640289173405,8.529854032745284,13.334025410714142,10.797128131784014,8.261134503926273,14.424781275182017,10.783280479777865,11.352957337546082,9.461295790546485,8.407346709340965,10.33562648935158,13.162927446966657,9.380680375628621,9.946497508851724,12.91265694395917,9.399346308391518,11.020552622338242,11.754701013479394,9.606438102246035,10.619675186399846,11.322205555362347,9.198169612911746,11.631530329979986,8.906027833089123,8.649824842079019,6.9459178783590865,8.993075312197883,8.368994596259558,9.19825208749005,11.223985263828977,6.548651493249794,6.050658210825784,8.501841566697435,Muscle
10.922460987173315,10.577729894039372,8.469875334178148,12.338816464312924,8.683180129763318,10.924907972254253,9.274427344931656,8.262447298012688,8.78986642377052,11.468000769627116,10.72205029028551,11.936205327553086,10.721972165074163,6.7776610736515615,14.228829668617585,10.750338028116937,11.029343108776459,9.24632464100688,12.226356586601415,7.813784878799757,11.219658155326986,5.840733435505921,11.354417042700367,7.840899176721141,10.553989040854251,12.71468093349235,11.645434749000877,12.448763340235123,12.241696887295618,8.951434514180242,11.196660347615708,6.55016620811638,8.626127164111498,12.785309776568102,9.229926395147558,6.263996226658513,14.027397834662715,11.124500566339439,11.52895644061158,8.039060930156204,10.56811314105974,10.51514994177839,8.35703028675265,9.660360628953683,6.999064574433964,9.306580934247997,11.947692514519638,8.50630348201583,13.814595672853107,7.127816974929887,Muscle
9.479649300408813,8.687140072771749,9.639638337254262,12.742949564281846,8.031089007071806,9.09745893814094,11.309011505446279,10.186317559835304,10.350349898618006,8.069447320800885,9.856833056795006,12.263156903079047,6.780958033838042,8.605381698601946,6.368916740949327,11.073951393887482,12.45094109062894,9.633180025415914,7.988959970969406,8.047507097090929,9.405885584254515,9.39825590921695,11.823663557026741,8.662247931113974,10.87015667637172,9.389059941504263,8.510486089520326,9.339247873318046,10.67307676374196,11.829866779763405,9.49605362568302,7.59212373840446,11.999429606530882,8.20366123369577,10.521646335355065,9.950334664592491,9.682859815307562,9.026047399623987,11.240297560830928,2.835874785024978,12.272941016734075,8.17498445121193,10.815913819501295,10.710051235869857,12.549954764041637,10.39549827107614,8.34178163873191,6.790490024178062,9.302393690254052,6.083649142233975,Muscle
8.74302858737849,9.41473875933959,8.62016804394215,10.083547314729824,9.527791978161584,9.344626917342437,5.151698765925389,7.410589638628902,11.285313463709752,11.60851254589489,6.322446564042009,8.370563637531736,12.143930735198254,8.563922373189701,9.777018425749775,12.883610658031817,9.276845377113213,8.990561179625768,9.68592661881474,13.706821595799656,10.89240367257896,10.038163255559535,8.951280088636834,11.077633856362246,11.319399539861596,7.8536429810490604,11.37325638389232,9.697695426753139,10.049597269257214,8.231421994023364,9.20003594434218,7.939715469554342,7.8435636597673986,10.75418044085356,9.289766869113784,7.400724660275168,14.354105294976751,7.750689921368127,12.184205922038668,7.0470727167563965,10.91300467033559,9.498879262762618,8.74188653728319,10.393484647531412,10.124519712658664,8.37506963263591,8.284522238426,6.852171576011198,10.611128768714103,7.492390345799983,Muscle
10.007949913034365,11.184955968241432,10.416110063648109,8.553737403965483,11.817624822699937,9.184057043797495,7.331678481990018,9.432544991093444,11.173594755969452,8.651171371179746,11.756364829940608,8.459347869564699,8.731573612628946,7.907841968293495,11.367419073816059,9.893514859821595,8.040476104512052,9.207579315437792,3.8576980242019445,11.555944726933287,9.658506721003386,5.187523697980206,7.086637117351836,9.156811874884793,7.371658481790326,11.586698647372117,10.837145771982309,10.719071887035739,4.79130612957059,8.949083171586212,8.604767098781887,8.091891091790824,9.169649437672577,7.747523585827874,10.430441465900437,11.533102708675543,11.360767476847343,9.724177496577038,13.998479392667004,12.27995022900102,9.796883592654897,9.035455579596967,12.676054325563841,12.015161365525467,7.17914559235154,12.171642638457492,9.691252930552142,8.278176938813283,6.041588281518674,9.462167610604396,Muscle
9.97554482956015,13.174655308220435,11.914467615497372,8.83422655724793,10.778684788439474,11.652498845345647,10.17191477603443,8.825691681937592,8.935655087513108,10.770946140913905,10.825961131050095,9.41409076847291,4.761695589893321,7.418954545417419,11.239377843224224,5.7383240052882485,12.36836203273443,12.072314522277008,10.082192763866411,11.195862068457215,11.057549356717772,9.766253743267574,7.25222176482286,11.934545950123372,12.81446002276727,7.582818951515316,7.177489989660601,9.726406190485319,8.7475508087271,10.289898480410919,12.415988079720773,5.508659123455009,13.162543903238308,9.18666311624616,11.023557957300989,11.23745167620893,11.470682308395592,10.123816208059994,10.591121203573492,10.578044101210807,8.739434398441105,6.483889617125605,7.561628344469611,9.791524041003932,8.42638668620723,8.43100785522093,13.59850209137239,11.717789593319747,9.495848068180052,11.344069891310884,Muscle
9.159462788818198,10.221446868372993,10.883257296837831,9.164788064456243,8.629498904925809,12.447863636937008,11.228225934396214,5.4907782434145656,8.66372813993678,8.437455000611212,8.757723822375205,11.72480457751779,10.038411936007384,7.220740658288909,9.233570326082768,11.083475295232379,9.56070996893249,8.710648097673017,10.662438557477056,13.236384978878155,10.922849665917038,12.601883026063398,8.844771564270193,9.983275777751878,9.942896030928635,10.237358168135382,10.881039212761833,8.162061757890443,11.294665371026957,6.744228122089567,7.328486674986637,14.27125220234646,8.979758521042248,11.459038701972403,13.396580784853912,5.371087842443048,12.25249236031142,11.297887212518543,13.28079456186608,7.636953676670746,12.902509313909226,8.521171136794619,12.109555628553313,9.92795792849112,11.541537612870277,10.097738366610306,6.321196831626542,3.7589119541124063,10.419831067966982,9.472529924737303,Muscle
10.796441902840588,9.49569306831285,14.03615476543564,10.461074255656609,9.106104544834668,10.674726132693733,9.142650406237388,10.185860468227975,7.565039625528331,9.982829596280789,9.04429520792965,7.754526749262641,13.951471736145285,7.832529260119667,10.013928446883876,8.394383930102485,10.59407894175975,7.451229731062165,11.680713647871102,14.072312372717683,8.32092152579866,12.433937725362641,9.23624131120862,13.011582242152171,14.376997972191983,9.532589976583083,6.9594678382106965,11.89616877487218,10.448834415888232,11.003582335555283,9.320309916311269,8.231014362678602,12.320696361933948,10.639579989112065,7.112885931632549,11.373750446405786,10.972337195933001,9.349402151352871,13.239626468484644,8.763653675305472,9.662027003690316,11.537296175936396,10.153525900661442,7.231153691283128,10.367598745986859,9.171220416069534,11.713992489832528,10.30243668799028,10.189015306094781,7.903497672561897,Muscle
9.539949384171988,11.940202188025307,8.446927310917259,9.934899553824572,8.12710789670198,7.632314717896662,9.830281910021295,10.347602329754677,13.98772587846519,9.089079232307583,9.899661464732235,7.49985296405815,11.224480029813828,10.796189558706562,12.976789355382856,12.223244303017417,10.702813337684566,9.0598570008226,10.40933687578012,9.777973075736478,11.90679506647596,11.652462979924936,9.40716911269049,7.076012440346244,12.66677460044085,11.16374791364641,9.361019858854663,11.085746696207341,10.149722612500058,12.637235852438948,6.140439536389946,9.205618066973136,13.198109030957376,11.126396806934624,13.545213336628416,7.556385813673071,12.144393431876974,12.024448846907665,6.6365429293423315,9.408995420933833,9.786941789611834,6.760887942465189,9.450795346959122,11.746366281557211,9.21815388095052,10.484266311348053,10.498740565455304,9.975713177722467,8.589635951949143,11.317627949767797,Muscle
6.825932476948017,10.017176277016365,12.770972681036177,9.10525350031757,8.545357556995445,11.451032277550755,10.326863521174264,11.490894564113866,10.076996971390544,5.223415098497641,12.359826820851397,14.14005276495655,12.568082013672573,2.922284549860481,10.902176425011133,9.066508378849907,7.831512492776582,10.245464323276545,9.70210541020056,11.017315608559683,10.113160378610909,7.758375786222047,8.846796446514059,8.524082887349968,6.567033646511108,7.256710712092233,9.577862660229611,12.847508150614559,8.92888584060241,8.485138450494421,7.637426386654348,10.061072989990702,12.358518669220253,14.005365532817184,10.570798753443373,10.27998748527287,8.913053785492913,9.246866757017978,11.258350182101406,9.370249335873842,9.675435105665171,9.949305450499152,8.818343778185048,9.850041481844897,5.961187742418397,11.097671766036925,14.70354367794411,8.895912769673867,10.74767429000334,11.70315264049237,Muscle
12.560430545434922,9.47135702251964,6.393365492622562,10.534463901697526,10.257257381308854,9.308667250647995,9.732975754231319,10.287360890035462,10.7235239842077,10.639619420479836,9.564628680997743,10.768557669971901,9.429938303450276,11.284051003070639,8.745114329046999,10.146116384299125,6.752522835765541,9.260179061085706,11.134977442259958,7.932530266583862,9.359799047299832,5.189860900179581,7.263851782936022,7.787050887772196,10.203502101543277,10.666818024785425,9.887888868119607,9.234813234225244,9.241796503302506,11.432091498080988,10.425639693766106,9.332108807389275,12.586598990482518,13.899950081992202,7.5085150995326595,11.045020140421023,16.17977921537277,10.560411082100389,10.230885272328553,9.888532120212773,10.980363034981483,11.509798333099766,7.510466251661635,9.947032743422342,5.461004271005181,9.581366766757,8.194622812355854,10.678355158270968,6.687238945717949,8.975365379081811,Muscle
11.933088501041224,8.647333697111499,6.190128445164229,10.51506630625797,8.826942013814728,9.628229127854206,8.540260827074816,13.948793488960058,6.883854528292973,15.666991223788546,9.218726938497296,10.36689315243627,8.850407164791033,8.766732880289092,8.430340193134734,11.20251592408727,7.178400612745888,10.728217088485337,5.631014529896382,10.547057542283527,11.698285211864382,7.450961785385261,11.357485203437488,10.102770821248644,13.196852910715679,8.28958723537782,15.63197180744546,5.218435691349525,9.34099239872775,6.602860578754134,13.702108353699533,9.476598012368328,9.656629845261435,10.886476196170426,9.990389627345426,8.812476887197331,7.4867054987419035,10.33702680466686,10.757667265378958,11.390754472803458,13.825453700613044,5.652462191172016,9.86456560529459,12.383475671642856,9.750955151122271,5.32365509261346,7.417920850300158,10.657139699354639,10.584394589766681,11.345039396682042,Muscle
8.437982112903631,10.519766469838595,8.10827338420735,10.519915987287382,10.10642439420708,8.358279959674192,13.116367261525374,6.588728099675226,9.716758033978945,8.31418887135138,13.668404071712548,11.196796015240837,8.70137924925922,9.440569421359255,13.722514747961057,8.10744873653994,6.471103655538883,10.582013724927629,10.62728073481564,11.33206914677972,11.345251521743904,13.541411301467598,6.563725019247928,7.594393610709334,11.324406667892374,7.788748996571119,7.086824053481273,13.731689104570542,6.760115736671425,9.297455925778708,9.881265097537192,12.618273283926555,6.262393883435059,10.830950303012498,8.219245883479845,11.2552224251849,8.186384547946282,13.144612512371555,8.19805996314749,5.076040588220167,8.422301500517397,9.47739977886221,12.164707746324618,7.483170338870158,7.522707745771848,11.921155807417968,7.249549764075589,9.642033117216618,9.682697633061975,10.435159072685924,Muscle
8.5003035792348,8.146011226650874,10.669788883504584,8.208008293660429,7.280061619761651,12.455599975703372,10.976190762758364,13.53500479153068,11.567935302433892,7.463712696737003,10.192738480119992,7.968743490563508,6.696780806563432,9.105601213860034,11.963065750598242,10.549825421575013,7.2182117374824575,9.035316849574526,9.71426682931604,6.621775092058311,11.426344730497224,9.542529947482496,7.218810278135885,7.105652812517865,12.201327889843222,9.238373935708562,12.380704057912823,13.14431095980543,12.044896545711849,8.933136506765019,5.004305760865439,10.625992609069657,14.183152739557096,9.92921984365235,6.020368962401706,8.650243007139764,9.63253345046639,7.804022865160405,4.872092064040222,9.80429845956975,8.430247507284747,13.54538332179983,10.202066975965593,10.939157793796785,9.76182771300788,10.187466606347707,6.6954014232757135,7.9196673895574214,12.177229402638705,10.418923939460393,Muscle
9.202986164234973,10.972342482931747,11.011723819681187,13.981789265888414,10.326132687771155,7.874984848979398,9.768607034168665,11.215131254242753,11.991318022857405,6.769936255744241,10.507413438983626,8.205490145003767,8.866736150761115,11.691679248486784,11.492497078863797,8.643695077604882,9.684315957919834,8.927836409758292,15.783405979913535,10.556716332890726,8.32103681745442,12.644334292442252,12.714922731366599,13.583341421047068,14.175987365020188,11.415429765732258,9.300296512443744,9.59476646479136,9.415849396786914,9.192489265641948,12.479873614577182,10.001441813871951,11.942843729632413,11.353033109561979,7.802690073755833,6.565646660275433,7.5266740666298695,9.146587264538422,10.26865620053575,8.703399345311231,11.406130293482203,8.944629611166082,10.513914876367888,10.235163361323773,13.468866183574773,8.049518149799454,14.416838182309409,8.811300294520791,7.319886219278381,9.566170019146924,Muscle
16.480278297273614,11.79041047003725,11.205928206882524,11.59037372328304,8.460813070995385,10.652088752731718,10.005004600634246,13.61813349728882,9.782624566826694,9.243446910845183,7.670401205261755,10.28002897375123,10.58590366703767,7.596823623718965,10.906327208121152,10.466359047589718,12.026891519767528,12.424736235803806,10.18855858722856,7.927270231735809,8.33875683891071,13.524255326158181,10.33097878624512,13.492307559102114,10.99720963697446,11.507471274356897,11.87744723247632,7.553722371181154,10.613901500225053,7.526002197275875,9.43017530424507,11.280339272246101,7.949332218935094,11.118674649055343,7.0032620290683285,12.286639647923138,8.671125635789306,7.945765151562433,7.129288168017839,8.841292334324683,6.184776386086401,8.90320172178334,12.198974050666163,9.622576800520331,7.644962768186718,10.452526633137616,10.275791551749814,13.913219925171433,11.581442037080812,10.611196254345689,Muscle
11.148712569972323,12.551237974026176,11.944228987768573,13.176824755403626,15.016144055648308,13.14255921136855,13.324709121632955,10.8853547943758,12.731880892369741,12.156491056781205,14.363281927280969,11.470866033594605,11.278688814977533,13.634858394294698,16.96020610874588,12.648102752050674,13.336416812460998,14.89604369670957,14.019807797230545,14.032958960764395,12.80961509616399,12.848529634443478,11.489702924546943,13.972746508602766,13.927108859997286,14.434329055387606,12.023791058893309,14.660268798757212,15.266669576295874,10.572083763447479,12.406254841285188,15.350047163921676,11.70088860029423,14.05752505436668,13.017152004004863,13.661758642847017,13.078112605384423,14.492341969128542,10.956965728272245,11.173353511755426,15.929027100533713,17.200726559970636,12.989161122747275,16.43053208430342,11.456450705972955,11.936828233028086,15.914975023490744,14.608213057246717,16.212854195864516,13.93711153811801,Skin
10.97490784697145,13.447154715005354,15.40400507693602,12.734529594707656,12.427132962988562,13.967706805928245,11.88098746890961,13.591000966227002,13.127002929342913,12.01917107850316,14.961474463734827,14.291975877901548,12.292658831426747,12.970077470119852,12.457448800304327,11.722704721514095,9.603460655185929,12.032344511287855,11.751945003368755,13.229781415670718,13.881397603056492,11.39563066039423,13.74699472345401,11.08750843426665,12.749414968723089,11.795161798678333,14.492347276158087,13.233546199989195,12.779664148336442,11.74950047977023,12.342317383246922,16.658121624652104,11.997831758554907,13.958813835192966,12.774707366224622,13.901650629148076,14.673951745386479,12.292043013357848,14.419546852890246,18.513278954011678,14.13507998838341,16.227162929199594,13.962092000213229,11.136076755604988,13.551387994505967,12.339232407580138,11.808118605364854,12.854829579195428,12.690499842542495,10.880150188414278,Skin
18.416923169439585,14.615741828944394,13.48878049168423,13.179760222501946,15.404697239243792,17.151140724618987,14.370170744025149,13.24238540956864,15.945288143955233,13.284718485871721,13.870629619250202,15.002021840063675,12.22704172425148,8.848331205188206,12.129839549339962,14.546001858758771,14.405101795436357,15.685340218825203,12.206337932260976,16.161850485893527,13.370135660903921,14.208826325127362,14.80722551658861,10.236668746212604,10.99020561474615,10.923818965865507,15.144434369697638,12.389086776521543,17.055163946649436,13.006751949784517,10.057252303836997,11.655164978589632,13.234752726438655,14.030379728386958,11.030324543835253,14.136961543612541,14.671085514091914,11.71810480088934,16.938314424118296,11.934681953298886,11.000243851568914,9.941554970546918,15.441281397384326,13.045765754691805,12.041428021071221,10.051723129136345,12.221498152866072,17.762890775352222,8.711024992477764,11.7366831979349,Skin
16.58556794008442,15.497946094139046,11.858748663437437,13.407190193870612,13.92587480938882,13.267677163614534,16.56890041921835,13.679508410915906,15.271032581926075,13.363197538191232,8.93522237454707,10.615174493287032,11.03024430138795,12.501428285447988,17.156828478028782,13.724822925750903,12.78842379587047,15.477115992311296,10.096232648996503,12.020609659703522,11.725342692119918,13.796083118936275,14.791672584707934,13.94297110405446,13.974632966437824,12.277781761564109,13.64151971623228,11.32032425843922,14.348277870015599,11.99879399067336,10.756980879399253,13.07563887166417,9.173767671310625,15.948740143992014,14.594197993823398,13.673939700495605,9.7526305092105,11.59961963385317,13.081116869743704,12.473790457949585,9.622870069105055,10.367141988927717,12.433811206172843,10.433421202832335,15.742774647766524,13.989076718811665,11.393071781521938,15.338309656031427,14.935413177347378,13.577916712773838,Skin
12.920827533072092,12.40305238354032,11.920122584436687,10.326416161584293,16.056657510196,11.958973562457567,13.056401219424666,11.179504287398762,12.48109896678134,18.701554847739484,11.548004192509545,15.897191549083104,12.944388965692202,14.35987692698929,15.489160510792503,13.544534768811996,12.29658568723942,12.627818043435122,12.695143036707325,16.728741113830825,10.031748445679218,9.458546084414415,9.591894165604465,11.212137132855155,14.400166154396725,14.522838584808396,11.784994717186585,12.943016944680322,10.76740272982433,10.952895425187265,14.159733678023091,15.095368122216794,12.046362351139715,16.27003024166161,14.931210697572219,16.1834517045111,12.398123861810163,16.041372491265292,17.35908527995155,12.174964933287962,12.691661923263828,11.104562995187202,10.711569807678345,10.73489731746741,11.377067736425415,13.549475957971142,11.461600921157297,13.488325109173736,13.529690302389906,12.059751212251243,Skin
12.87472579086139,11.944175214627375,12.378520453447095,11.38227405107157,13.168209379565633,11.798908269080334,10.667868248124408,14.186857777697075,14.254582402570927,15.223397071288215,10.951205250791643,12.038145386578027,13.460990810179446,11.99592024637548,14.141823967615643,13.995865774967871,13.958590712382133,15.919334466608529,14.288154148916899,13.307782222962853,12.612929026806926,12.752271783646368,10.871579692319854,9.468579626099958,13.927512255462128,15.447265875126131,12.339770153394527,16.174188318065195,12.64697513383706,9.092456037773982,14.836498507459206,12.04142352552371,15.017557355040028,10.44494503213672,13.8240883242953,11.399077832911376,13.40280973312471,14.533213389150712,14.068802002587772,13.138735666060185,10.243081787575555,14.460688361103532,15.0628608759912,10.914005951686915,11.207941571388,15.147114716065822,12.583116874861467,11.259773325188837,13.545108827038545,11.722951224091164,Skin
13.322084262811963,12.173586658307304,12.344978359838912,15.220794767714903,8.062950639749985,14.109501508870489,14.890901556532988,11.75601171764469,14.875530708726302,11.081952066318353,11.680032908672745,11.449665912817931,14.902584327205169,9.510104626664333,16.280294452051148,12.390122867772222,14.229824308314711,14.057415842727462,13.302463576413038,11.798627877044881,15.484745125855708,11.970297468557792,11.537502684558191,14.755420567047066,13.29149923907374,15.715643150232403,12.874665817089001,11.698249254608507,13.549486946047796,12.104765687825193,11.756154977388588,14.663776387311747,16.663110134550056,12.507076416163018,11.050517627428139,12.693087300200363,14.029602459791846,13.514959056954941,15.388463388943425,14.3301796765514,10.793181063780182,12.013363298718449,10.238331760049348,15.289358691260375,9.016225469457199,10.433335338755375,11.976395067989653,14.127834806209634,11.956693172588697,12.269541172571016,Skin
12.3089442534546,13.345565244716491,10.558976929459996,11.105645903903905,16.36184739759178,13.804798194394023,14.521564343705691,13.116057062910434,12.71943950351452,13.914261892190561,14.455227367352265,14.692151349383439,12.746880880361319,14.910753112556643,8.067566422340757,14.784574019450243,12.146188086512396,14.106764892603394,11.701344548608274,10.346610939844446,13.679408062633335,9.996938953357601,12.200645143554585,11.375140617791695,12.649934923413047,14.594418239194544,12.020309429091018,13.629155094825224,14.478692076454177,11.785489898412425,11.814492942561795,15.738657804400422,12.841222720444186,14.01827758626375,14.003122184718448,10.604024787844043,11.47824824765601,13.75069472708004,8.865370226552713,12.57740476592315,11.269432255214435,15.221012283953307,13.692230906309899,15.382492594781354,12.921750732893294,12.772221614465955,12.39014096184087,11.993861200889816,18.36931267811197,14.614339031586445,Skin
10.867622908126435,18.278617738324357,12.190040129995454,13.642304000353713,14.879194743743732,9.924092145854999,11.345346396701801,16.29632964914138,12.55034267332721,14.997340233521744,12.09306311870731,12.809880789026316,16.570513732153,13.875024484596045,12.310304466138003,11.633273078394303,11.816249215173594,15.483120061474182,14.53099661727784,10.702646735852817,13.174357113741406,12.866367056387988,13.632185539136588,11.79285776171726,15.195611223298847,12.99732144542795,13.746873035170818,11.430619551771368,11.531373724658875,18.3150222185338,16.600159904853367,12.860637674234177,16.06600790145388,15.42547502852486,11.749577941901721,11.55013359719573,14.337353250702634,13.520121276225645,12.19599076732256,14.442453087497475,10.115034148814107,13.230003055704914,10.522152692874489,10.588017312949875,11.586470420695187,13.726574552687977,11.649525982230738,10.563782784099237,13.954498405353894,15.985494088882072,Skin
14.277700868404025,16.60359744918729,15.818356787205175,12.02514357498013,14.264319638728221,12.816738412889686,15.124199562396118,12.816376885472858,11.422606981581467,15.746811884700508,13.635591101446739,11.672940657381538,12.002547399852354,11.660158711123032,10.996505134580568,12.044969315512898,13.746042427462413,13.12812134037236,12.123566127235682,15.991014937594448,8.978733052240722,13.612271830311421,12.714481490364813,11.059637540407039,13.728908691575436,12.56050357527769,15.494146932427787,14.736130484822933,16.81226147274797,12.033364138972015,15.793108979495031,10.668290463969157,12.778727001448841,12.069505894731456,14.204890825818818,14.156551596487105,11.198760813544057,14.316384347968834,12.239021834312217,11.366405280096611,12.976437275715345,10.046311677274964,14.862612699977543,12.88875837911656,12.93250875640392,12.825666745826986,16.293700173383566,16.037755377659643,15.701522186798373,12.829916711482324,Skin
10.768750175020125,12.968041114232172,13.628800841454364,14.625220607786556,13.622365482200486,10.947011447620827,11.92916905931956,11.747726937502156,14.078106100811642,14.127194906479934,14.38926377616174,13.602071709344706,8.88160098046271,9.548280643450383,12.719624737320716,13.196155840932786,15.507331174305957,13.155590295990063,11.048101338280706,14.324329615554737,12.965496614271515,12.19589042893193,9.770801184059781,13.170374016222466,13.45763582195892,11.0077073917879,14.48871557641255,14.309593597301966,13.097825164785952,13.023445715884082,14.892075493328496,13.735060737562064,11.59548910210328,12.604703432799704,14.113698803872158,8.93535815133588,11.136947902420744,14.36427533267795,15.417755208432226,15.042097480536025,14.78658662449556,13.259487725342883,10.94219318062462,12.606753230853531,9.01346189876163,15.601312172421506,11.365774395051382,11.933308479953594,15.117238105281153,9.770746085780912,Skin
10.621194751949137,13.53594268765027,14.040760830134957,12.856598409651681,12.921833774128185,15.53675590778889,14.272636890121301,14.002339869055092,14.551292985587486,12.398819450622764,17.34633132828604,8.384936963335033,15.915842048237563,14.804215037486218,13.496576503101709,13.160057915204224,12.688893405725787,15.206887175926818,12.920271052000233,11.544230520953825,14.803965770643364,16.169532468119716,9.145661753842493,17.714183661540638,10.926537404940717,11.079403446969295,10.510220561014775,13.00169810492925,10.440563430062731,10.683479872298228,11.622899904832765,13.276911350388678,13.469707197935023,15.48239455882017,15.436297546389827,15.049222628195206,12.47676565786855,9.317636444006824,9.273371203392012,15.035459752219626,14.68750894341474,11.766591075111908,10.118527497405116,10.905697953661818,13.349388604399055,13.353121999709874,15.085062546254,12.099291085585008,12.511927942996715,15.250642611932879,Skin
8.74981019722473,13.634905893834052,12.33154244273613,14.425519557907485,14.025213205722684,11.607380711220669,11.985330287042036,8.396049148904638,14.49998299652364,13.479547640129262,15.797024710903425,12.201199927678907,14.828671195296051,10.86014790887172,7.59042040428207,12.810972119264465,11.86663648989395,10.89835714843056,14.796210786973234,15.416493347087115,13.210842558731722,12.634961860763669,13.125416747805044,11.694147512197345,14.125191896856805,9.921256027677122,10.853843743139615,11.417477697386396,14.082710861963058,12.395020285913514,15.720780789406145,14.606619512757018,11.397813648875308,14.266931580797241,12.183585943695963,13.946360990047927,14.703544327185947,15.229429203625433,13.404043139675833,16.200247372960437,13.882628712122544,13.270104318915262,12.394971224680127,11.737381959623265,13.83976745212341,13.201515273959968,13.52165120126878,13.961491655112583,13.513202956286097,17.0265908138557,Skin
11.944070231643725,13.864586688239411,12.544613568302518,8.07705577284952,12.61305435426311,11.12700588816292,12.866355082319172,12.94719495733659,13.770715775878676,11.939641249367662,12.189814168526118,14.401387305619897,11.381882941037755,9.323094018581415,13.314062713852962,15.141697495136489,14.378360951293772,13.350968391060606,15.501290686697555,15.164034478329832,12.33817094454188,13.49504345667414,13.58092044527288,12.826498742514861,15.268495141747756,12.695719133206458,11.999442217990008,7.816917485249691,11.403392235252577,10.369164182393135,12.91920769746713,10.492621499074492,14.217369483337803,15.216875216428077,12.93768648282376,11.031964567472517,13.572800752363067,16.786950116176055,16.16496125864912,10.187842613525154,10.113637553063523,9.600927120400105,10.726041092499358,13.50318493753726,11.88661144966015,11.322659928230781,15.078219535032904,14.060186238175254,9.590594745692377,14.963449348419271,Skin
14.012069444924077,14.056526516060744,11.859051952138863,12.62539164041022,9.054556943605766,14.73397334506925,11.002145977397369,11.258741937812111,11.231717411280567,16.600802233807638,11.662591870475426,14.884520547087446,12.952015790234437,11.341780573129041,10.979199893440605,11.742287825032017,12.851077186448252,14.20347421277635,12.058016641019169,11.98317651643936,11.237689710195852,10.611915717079555,10.444617960495476,14.976057835879201,11.942321830758257,12.119448200888469,11.666774834038296,12.366287420144753,13.742148348646868,12.026238357660755,13.361479774861142,15.836416978995281,11.360671967625589,12.121063460019583,14.282120538823618,15.994592334363851,10.515379444247598,9.598391950304336,12.998787298255417,12.79224620605639,14.400338592332197,14.095120693242027,12.932073548251454,15.098429706733583,11.63796469029468,13.42316158415351,10.56858554237136,12.915743447649364,10.077736722919937,10.768312906047399,Skin
16.41890367497984,9.35092486428886,12.56669660917048,14.654430245449337,17.442711163378856,13.354150083532096,13.468440252125385,13.079370763495499,15.114468809368326,13.863407130475798,11.84982442641423,15.231023382857455,12.075618568304346,9.803007759832001,9.809350917128844,12.597863707150635,13.206083131542776,14.911258546097478,14.281632823562203,13.159701890412688,15.023020982864704,13.025475813261902,10.419027934440104,9.983095356044887,15.557375415211316,8.509540417195876,12.598518688581663,18.96358698751005,13.918466888620998,12.582914359042267,9.631076866693641,16.234741136266432,15.427655741388914,14.369593824676794,12.998880534046371,14.144024493882755,12.702757882792294,11.053478179031337,14.912669863009626,12.89868268683558,14.043887929317576,12.757753518880467,13.923638764093688,12.9710145386845,12.814900295820916,13.05997919095504,18.92173938092609,14.604813971963875,18.172115833799044,12.983795171983635,Skin
12.38188406127096,10.851605883249048,16.20646239324512,11.189630185701787,16.61912151477338,10.967623338459404,14.773319737264854,9.817985033052707,12.11608859681867,13.044163058892648,11.805017968593026,12.66134679633208,12.670909788842277,14.613867100060128,8.826496422026517,11.874160543943871,15.509272695541913,14.124959846633189,15.542572524254027,14.51757870954537,10.832969785980378,14.321794342239153,13.200385600185525,17.53612266358598,14.604329164988819,14.046734815355201,14.338848526682622,13.937691083333247,13.883602255492146,12.467413261206163,14.070945774040002,14.896933360545392,15.12065613806417,14.878233639207027,16.016127292304144,15.24578424660785,14.257035828201541,10.712678400672596,10.713463354341831,12.503731193477298,13.093507372095438,15.796003062406523,7.440586228408926,10.933587474513809,12.611558171070326,11.006284742734623,11.403785323259472,12.001675808229129,11.108348271851462,11.455151345169048,Skin
15.726465127388904,14.228636680323959,14.527886689484008,12.93175448508409,15.022210425343523,14.695596635945568,14.197075828880722,11.691671889715778,12.115925703220249,15.116260197464738,11.96653251709809,10.422951727471089,11.927963850472043,16.118811364438237,11.929926671216807,13.655309583973384,11.768624149257104,14.526851108970732,14.073598381406045,10.017630517669275,13.53606397417196,9.634826225402865,11.891864405142181,12.977132166735245,16.693731830924992,13.635824930198353,11.465827825473914,12.365579794966798,14.848393548885008,11.492966316520066,15.193956996002981,11.953897443905209,11.169361688975764,12.017994078194459,9.76743119182386,8.654846037698078,12.834929221358282,12.86540424331288,13.512923569073333,12.825051630548854,17.658506248211644,13.336818686545394,10.24707428776679,10.760170288594834,13.000609338697457,12.129146764883059,10.543040205673071,12.882303834734273,12.911551541235315,16.19138746699343,Skin
11.167820585755809,12.164544388183655,16.185232778191263,13.657172415861218,11.156090544961236,11.570535630978181,10.571682489930676,13.15454525534732,15.062319969671341,16.26180255126465,10.027436538130445,14.73823447396666,13.328625595601096,12.476139270326506,12.165323920241367,9.15813632821057,14.275997258136492,10.362286448313302,11.503608369884583,13.835969269106593,9.366728859101787,10.358412114370601,15.43732531828708,13.244117759145459,11.675597265751254,13.251992308607019,14.338952675019474,15.249535782475354,10.775129649280423,10.950323674175644,14.216686597357453,14.280825137000202,10.312062036459768,11.025378649022405,12.612505398277092,13.047152488861022,13.103859754609063,10.281352386635122,13.083655541006976,11.565258610259114,10.667364746819342,12.978007903177263,12.774012740624636,14.603386476511954,11.278063265473088,13.470340873957161,9.862649623142818,12.450288645574952,13.92735566999131,14.096042454238262,Skin
14.109667591937285,14.608751594500665,12.10842033229508,13.991450876845928,16.737489525083245,12.065734700788342,15.760396031796063,14.752945911083405,12.467353135314305,12.63424899764478,13.236804719334438,14.6403299880632,13.805269263067027,12.050004805563635,8.835893996475743,14.344347917837638,9.135004549912615,10.26804058609981,12.195045610596642,10.571842800661921,13.635056855606983,12.407623600765474,14.570461960844911,9.784564933558652,11.676204567626403,13.008398754658458,13.085456261011911,14.388072810953444,11.170822839212912,12.063979429994001,14.01469932176074,8.602878521285978,13.769870503784585,14.527897231389845,10.33267855464352,12.369954103429974,15.985319633014294,14.319656595462295,13.893944545941732,14.981918630248973,16.609090235225004,13.037068139636744,12.185621991555951,14.977076821947863,12.62509372810098,11.143962683962114,11.919867494025514,13.624659164116762,12.100808395178237,12.250049505144172,Skin
